top_model,files_total,code_files,doc_files,data_files,bytes_total,extensions
nested:af6a7c11f617b,986,976,1,7,20157031,docx;exe;m;mat;mod;xlsx
nested:adbb010e3b1c5,857,409,349,30,326461080,csv;docx;emf;eps;m;mat;model;pdf;png;tif;xlsx
nested:a24cd898db7c9,147,36,3,107,29434586,csv;docx;r;rproj;txt;xlsx
nested:a5805283d7399,88,26,3,18,12460240,css;csv;docx;iml;ipynb;js;map;md;png;py;r;scss;txt;xlsx;xml
nested:a9c66f72e388c,86,10,2,71,622904,csv;docx;rmd;xlsx
nested:a83e1b4a50170,117,9,2,15,315898138,csv;docx;pper;r;rdata;rproj;xlsx
nested:a65dee457d977,9,8,1,0,286506,docx;prg;wf1
nested:a91e667c12a0f,14,7,2,4,4517056,csv;docx;m;model;pdf;xlsx
nested:a90d6955e5dfb,9,4,4,1,23102223,docx;prg;wf1;xlsx
nested:ab908e4169c60,7,4,2,1,21831251,docx;prg;wf1;xlsx
nested:ae23229b6b5c5,12,4,4,0,658020,docx;json;prg;txt;wf1;~f1;~rg
nested:ae2b6806288f5,7,4,2,1,44772563,docx;prg;wf1;xlsx
nested:a0ac088b0b1be,7,2,4,1,447872,docx;prg;wf1;xlsx
nested:a1e1b29916db4,2,2,0,0,130740,prg;wf1
nested:a2363877985ef,6,2,1,2,228715,docx;json;prg;xlsx
nested:a23c5123c996a,3,2,1,0,46605,docx;prg;wf1
nested:a938d3e57df1b,3,2,1,0,46166,docx;prg;wf1
nested:a9dc655ed6e18,3,2,1,0,124469,docx;prg;wf1
nested:acc974ce82ab0,17,2,1,13,55767367,csv;docx;r;xlsx;zip
nested:aeb7a4edbe343,4,2,1,1,86739,docx;m;xlsx
nested:a0268154c4591,3,1,1,1,921409,docx;py;xlsx
nested:a1d1ab49225f8,3,1,2,0,132455,docx;txt;wf1
nested:a20c02d743886,4,1,2,1,3086264,docx;prg;xlsx
nested:a21408bf349b4,5,1,3,0,193822,docx;prg;txt;xlam
nested:a30cb9e65d6f9,5,1,2,2,99676,docx;ipynb;xls;xlsx
nested:a3411331e3620,4,1,0,3,6284623,r;xlsx
nested:a4b19c2c5173d,4,1,0,2,224934,png;wf1;xlsx
nested:a5331c69b69ea,5,1,2,2,1181295,docx;ipynb;xlsx
nested:a5a958227346d,2,1,1,0,31028,docx;prg
nested:a76a485a2f47f,4,1,2,1,561054,docx;prg;xlsx
nested:a7a03de241c2a,2,1,1,0,17846,docx;prg
nested:a7d6b9f4ef455,3,1,1,1,52758,docx;prg;xlsx
nested:a8dceef0607a0,2,1,1,0,24204,docx;prg
nested:a9f2976b6e29a,8,1,1,5,4346753,db;docx;r;xlsx
nested:aa27c6e220bad,4,1,2,1,689136,docx;prg;xlsx
nested:aa2d4ae9d6285,4,1,1,2,4408588,csv;docx;ipynb
nested:aa972a9a24e63,4,1,2,1,1615282,docx;r;xlsx
nested:ab2b35c6e5c3c,3,1,1,1,275153,docx;prg;xlsx
nested:ab8b13e957e65,6,1,1,4,1604783,docx;r;rdata;xlsx
nested:ac2294d8a53ba,2,1,1,0,96256,docx;wf1
nested:acf08d95a9057,4,1,1,2,102960,csv;docx;r;xlsx
nested:ad0459a615c6b,3,1,1,1,922065,docx;prg;xlsx
nested:ad21529ad3a3e,2,1,1,0,16753,docx;r
nested:ae00677697d94,4,1,1,2,45553,docx;r;xlsx
nested:ae48cf0647a33,3,1,1,1,106784,docx;prg;xlsx
nested:ae5b6d9e0d30d,3,1,1,1,31052,docx;prg;xlsx
nested:af2c7a7ead313,3,1,1,1,45665,docx;ipynb;xlsx
nested:afa0cc7c1c88b,7,1,3,3,405982,docx;prg;txt;xlsx
nested:afb1f071e9cc6,2,1,0,1,200763,prg;xlsx
Модели для краткосрочного прогноза банковских ставок,3,1,1,1,51390,docx;r;xlsx
Модели для краткосрочного прогноза инфляции (без дезагрегации),4,1,2,1,70417,docx;r;txt;xlsx
Excel to Excel with transposition,1,0,0,0,12854,rar
FAR-модель,2,0,2,0,19622,docx;txt
GARCH метод с симуляциями прогноза,2,0,2,0,19988,docx;txt
VAR-РФ-Тюменская область,1,0,0,0,100849,rar
nested:a001a64c8bce0,1,0,0,1,0,xlsx
nested:a052ad2e3b326,3,0,2,1,62382,docx;txt;xlsx
nested:a146949a23725,3,0,2,1,100000,docx;txt;xlsx
nested:a17db49e525af,2,0,1,1,24296207,docx;xlsx
nested:a23a599c7693e,2,0,2,0,16997,docx;txt
nested:a24e90111dc4c,4,0,3,1,27069,docx;txt;xlsx
nested:a41cb833276e2,2,0,2,0,18068,docx;txt
nested:a463d9a57f556,36,0,0,5,34782728,xlsx;xml
nested:a51d4e14125b9,2,0,1,1,108553,docx;xlsx
nested:a5d4f31c6126f,2,0,1,1,395912,docx;xlsx
nested:a6e6c57e64d7f,2,0,1,0,47932,docx;rar
nested:a72b6df1510fc,3,0,0,2,22668980,rar;xlsb
nested:adc7f490fd4ed,2,0,2,0,16837,docx;txt
nested:ae992701df67c,6,0,5,1,34937,docx;txt;xlsx
Автоматизация подготовки данных для моделирования,1,0,0,0,45537,rar
Автоматизация сезонного сглаживания нескольких рядов,1,0,0,0,13199,rar
Байесовская векторная авторегрессия с дезагрегированным производством и инфляцией (BVAR),1,0,0,0,63111,rar
ДСОЭР модель с К группами агентов (KANK) и двумя структурными разрывами,1,0,0,0,13112313,rar
Дезагрегирование годовых данных ВРП до квартальных,2,0,1,0,57561,rar;txt
Дезагрегированный подход к прогнозированию инфляции (Eviews),1,0,0,0,864364,rar
Дезагрегированный подход к прогнозированию инфляции (на основе Python),2,0,1,0,866618,rar;txt
Загрузка и обработка еженедельных данных по льготной ипотеке,1,0,0,0,13856,rar
Загрузка недельных данных ИПЦ,1,0,0,0,343892,rar
Использование одномерного фильтра Калмана для прогнозирования прокси ВРП,2,0,1,0,57358,rar;txt
КСП инфляции с помощью VAR модели,1,0,0,0,46135,rar
Квартальная прогнозная модель ЦФО,2,0,1,0,286469332,docx;rar
Краткосрочная модель прогнозирования компонентов инфляции,1,0,0,0,13636,rar
Макроэкономический прогноз инфляции из микроэкономических факторов,2,0,1,0,16789072,docx;rar
"Методика отбора переменных, обеспечивающих надежные прогнозы",1,0,0,0,336616,rar
Моделирование и прогнозирование регионального ИПЦ,1,0,0,0,28227,rar
Модель «Недельная – месячная инфляция»,1,0,0,0,5694543,rar
Модель нейронной сети для прогнозирования инфляции,2,0,1,0,37806,rar;txt
Модель оценки потенциального выпуска,2,0,1,0,2888646,docx;rar
Модель оценки потенциального выпуска ЦФО на основе многомерного фильтра Калмана,2,0,1,0,170568,docx;rar
Модель прогнозирования экономической активности на основе метода FAMIDAS,3,0,2,0,5965951,docx;rar;txt
Обработка и сезонная корректировка данных мониторинга предприятий,1,0,0,0,4215388,rar
Описание.txt,1,0,1,0,0,txt
Оценка качества прогноза,1,0,1,0,22947,docx
Оценка ковариационной матрицы остатков в модели PVAR,1,0,0,0,25059,rar
Подготовка данных по морским грузоперевозкам,1,0,0,0,12239000,rar
Подготовка рядов данных для модели краткосрочного прогнозирования ВВПВРП,2,0,1,0,1433929,rar;txt
Поиск лучшей спецификации VAR модели,1,0,0,0,99191,rar
Поиск лучшей спецификации модели для прогноза,1,0,0,0,21959,rar
Построение ARIMAX моделей для прогнозирования ИПЦ,1,0,1,0,21658,docx
"Построение моделей ARMA(p,q)",1,0,0,0,424999,rar
Построение функции импульсных откликов в модели PVAR,1,0,0,0,25427,rar
Преобразование данных в Excel в панельный вид,1,0,0,0,65802,rar
Применение метода главных компонент и кластеризации данных,1,0,0,0,799023,rar
Прогноз ИПЦ и выпуска на основе FAR-модели,1,0,1,0,18737,docx
Прогноз ИПЦ на основе ARIMAX модели,2,0,1,0,36663,rar;txt
Прогноз ИПЦ на основе моделей машинного обучения,2,0,1,0,473310,rar;txt
Прогноз ежемесячной инфляции на основе еженедельной инфляции,2,0,1,0,14830496,rar;txt
Прогноз инфляции в регионе на основе прогноза по 45 компонетам,1,0,0,0,311014,rar
Прогноз инфляции на основе векторной авторегрессии,1,0,0,0,55988,rar
Прогноз инфляции на основе прогноза её субкомпонетов,1,0,0,0,182256,rar
Прогноз инфляции при помощи ARIMA модели на разной длине выборки,1,0,0,0,61548,rar
Прогноз курса доллара на основе GARCH модели,1,0,1,0,19216,docx
Прогноз региональной инфляции на основе ARIMA-модели,1,0,1,0,20279,docx
Прогнозирование ИПЦ_STL метод,1,0,1,0,27100,docx
Прогнозирование выпуска на основе прогноза компонентов ВРП,1,0,0,0,2201331,rar
Прогнозирование инфляции на основе ARIMASARIMA моделей,1,0,0,0,529944,rar
Прогнозирование инфляции на основе ML,3,0,2,0,1479671,docx;rar;txt
Прогнозирование инфляции при помощи VAR модели,1,0,0,0,190324,rar
Прогнозирование компонентов инфляции,1,0,0,0,4665129,rar
Прогнозирование основных макропеременных на основе КПМ,1,0,0,0,1804606,rar
Прогнозирование основных макроэкономических переменных с помощью модели векторной авторегрессии,1,0,0,0,3086180,rar
Прогнозирование показателей региональной экономики,1,0,0,0,14553,rar
Прогнозирование разрыва выпуска,1,0,0,0,12715,rar
Прогнозирование региональной инфляции,2,0,2,0,29643,docx;txt
Расчет разрыва выпуска,1,0,0,0,25586,rar
Сезонная корректировка данных по зарплате по отраслям,1,0,0,0,262030,rar
Сезонная корректировка компонент ИПЦ,1,0,0,0,1544886,rar
Сезонная корректировка компонент ИПЦ; анализ НМФИ,1,0,0,0,244374413,rar
Сезонное сглаживание временного ряда,1,0,0,0,2484844,rar
Сезонное сглаживание временных рядов,1,0,0,0,27161,rar
Сезонное сглаживание временных рядов (методика ДДКП),1,0,0,0,22748,rar
Сезонное сглаживание временных рядов (промышленность ДВМР),1,0,0,0,14502,rar
Сезонное сглаживание при помощи надстройки Excel,2,0,1,0,1380906,pdf;rar
Сезонное сглаживание социально-экономических показателей ДВМР,1,0,0,0,176681,rar
Сет ARIMA-моделей для моделирования инфляции Пермского края,1,0,0,0,70789,rar
