period_type,date,item_key,product_name,component,matched,match_method,match_score,item_code,sprav_name,weight,index_used,item_mom_pp,headline_contribution_pp
weekly_chain,2026-06-01 00:00:00,1,"Говядина (кроме бескостного мяса), кг",food,True,exact,1.0,195,"Говядина (кроме бескостного мяса), кг",0.01634,99.9,-0.09999999999999432,-0.0016339999999999072
weekly_chain,2026-06-01 00:00:00,10,"Масло сливочное, кг",food,True,exact,1.0,360,"Масло сливочное, кг",0.00872,100.57,0.5699999999999932,0.004970399999999941
weekly_chain,2026-06-01 00:00:00,100,"Проживание в гостинице 2*, сутки с человека",services,True,exact,1.0,1005,"Проживание в гостинице 2*, сутки с человека",4e-05,100.0,0.0,0.0
weekly_chain,2026-06-01 00:00:00,101,"Проживание в гостинице 3*, сутки с человека",services,True,exact,1.0,1006,"Проживание в гостинице 3*, сутки с человека",0.00075,100.0,0.0,0.0
weekly_chain,2026-06-01 00:00:00,102,"Проживание в гостинице 4*-5*, сутки с человека",services,True,exact,1.0,1007,"Проживание в гостинице 4*-5*, сутки с человека",0.00067,97.96,-2.0400000000000063,-0.0013668000000000042
weekly_chain,2026-06-01 00:00:00,103,"Проживание в хостеле, сутки с человека",services,True,exact,1.0,1008,"Проживание в хостеле, сутки с человека",0.00061,100.0,0.0,0.0
weekly_chain,2026-06-01 00:00:00,104,"Санаторий, день",services,True,exact,1.0,565,"Санаторий, день",0.001,100.0,0.0,0.0
weekly_chain,2026-06-01 00:00:00,105,"Легковой автомобиль иностранной марки новый, шт.",nonfood,True,exact,1.0,339,"Легковой автомобиль иностранной марки новый, шт.",0.00959,100.0,0.0,0.0
weekly_chain,2026-06-01 00:00:00,106,"Легковой автомобиль отечественный новый, шт.",nonfood,True,exact,1.0,340,"Легковой автомобиль отечественный новый, шт.",0.00753,100.0,0.0,0.0
weekly_chain,2026-06-01 00:00:00,107,"Дом отдыха, пансионат, день",services,True,exact,1.0,210,"Дом отдыха, пансионат, день",0.00177,100.0,0.0,0.0
weekly_chain,2026-06-01 00:00:00,108,"Восстановление зуба пломбой, услуга",services,True,exact,1.0,342,"Лечение кариеса, пломба",0.00221,100.0,0.0,0.0
weekly_chain,2026-06-01 00:00:00,109,"Метамизол натрия (Анальгин отечественный), 10 таблеток",nonfood,True,exact,1.0,370,"Метамизол натрия (Анальгин отечественный), 500 мг, 10 таблеток",0.00036,99.94,-0.060000000000002274,-2.160000000000082e-05
weekly_chain,2026-06-01 00:00:00,11,"Масло подсолнечное, л",food,True,exact,1.0,359,"Масло подсолнечное, кг",0.00543,100.0,0.0,0.0
weekly_chain,2026-06-01 00:00:00,110,"Пенталгин, 24 таблетки",nonfood,True,exact,1.0,1099,"Пенталгин, 24 таблетки",0.00035,102.65,2.6500000000000057,0.000927500000000002
weekly_chain,2026-06-01 00:00:00,111,"Нимесулид, 10 таблеток",nonfood,True,exact,1.0,406,"Нимесулид, 100 мг, 10 таблеток",0.0004,99.53,-0.46999999999999886,-0.00018799999999999956
weekly_chain,2026-06-01 00:00:00,112,"Трекрезан, 10 таблеток",nonfood,True,exact,1.0,1102,"Трекрезан, 10 таблеток",0.00032,100.0,0.0,0.0
weekly_chain,2026-06-01 00:00:00,113,"Активированный уголь, 10 таблеток",nonfood,True,exact,1.0,851,"Активированный уголь, 250 мг, 10 таблеток",0.00032,102.42,2.4200000000000017,0.0007744000000000006
weekly_chain,2026-06-01 00:00:00,114,"Лизобакт, 10 таблеток",nonfood,True,exact,1.0,1096,"Лизобакт, 10 таблеток",0.00034,100.0,0.0,0.0
weekly_chain,2026-06-01 00:00:00,12,"Маргарин, кг",food,True,exact,1.0,357,"Маргарин, кг",0.0008,100.0,0.0,0.0
weekly_chain,2026-06-01 00:00:00,13,"Молоко питьевое цельное пастеризованное 2,5-3,2% жирности, л",food,True,exact,1.0,378,"Молоко питьевое цельное пастеризованное 2,5-3,2% жирности, л",0.00302,99.36,-0.6400000000000006,-0.0019328000000000019
weekly_chain,2026-06-01 00:00:00,14,"Молоко питьевое цельное ультрапастеризованное 2,5-3,2% жирности, л",food,True,fuzzy,0.9491525423728814,378,"Молоко питьевое цельное пастеризованное 2,5-3,2% жирности, л",0.00302,100.0,0.0,0.0
weekly_chain,2026-06-01 00:00:00,15,"Сметана, кг",food,True,exact,1.0,588,"Сметана, кг",0.00748,99.95,-0.04999999999999716,-0.00037399999999997873
weekly_chain,2026-06-01 00:00:00,16,"Творог, кг",food,True,exact,1.0,1049,"Творог, кг",0.00591,100.0,0.0,0.0
weekly_chain,2026-06-01 00:00:00,17,"Смеси сухие молочные для детского питания, кг",food,True,exact,1.0,587,"Смеси сухие молочные для детского питания, кг",0.00077,100.96,0.9599999999999937,0.0007391999999999952
weekly_chain,2026-06-01 00:00:00,18,"Сыры твердые, полутвердые и мягкие, кг",food,True,exact,1.0,621,"Сыры твердые, полутвердые и мягкие, кг",0.00514,97.6,-2.4000000000000057,-0.012336000000000027
weekly_chain,2026-06-01 00:00:00,19,"Консервы овощные для детского питания, кг",food,True,exact,1.0,288,"Консервы овощные для детского питания, кг",8e-05,99.52,-0.480000000000004,-3.8400000000000324e-05
weekly_chain,2026-06-01 00:00:00,2,"Свинина (кроме бескостного мяса), кг",food,True,exact,1.0,577,"Свинина (кроме бескостного мяса), кг",0.00481,100.0,0.0,0.0
weekly_chain,2026-06-01 00:00:00,20,"Консервы фруктово-ягодные для детского питания, кг",food,True,exact,1.0,294,"Консервы фруктово-ягодные для детского питания, кг",9e-05,100.08,0.0799999999999983,7.199999999999847e-06
weekly_chain,2026-06-01 00:00:00,21,"Яйца куриные, 10 шт.",food,True,exact,1.0,754,"Яйца куриные, 10 шт.",0.00543,95.31,-4.689999999999998,-0.025466699999999988
weekly_chain,2026-06-01 00:00:00,22,"Сахар-песок, кг",food,True,exact,1.0,572,"Сахар-песок, кг",0.00532,99.78,-0.21999999999999886,-0.001170399999999994
weekly_chain,2026-06-01 00:00:00,23,"Печенье, кг",food,True,exact,1.0,470,"Печенье, кг",0.00549,94.69,-5.310000000000002,-0.029151900000000012
weekly_chain,2026-06-01 00:00:00,24,"Чай черный байховый, кг",food,True,exact,1.0,717,"Чай черный байховый, кг",0.00269,100.77,0.769999999999996,0.0020712999999999895
weekly_chain,2026-06-01 00:00:00,25,"Соль поваренная пищевая, кг",food,True,exact,1.0,593,"Соль поваренная пищевая, кг",0.00122,100.28,0.28000000000000114,0.00034160000000000136
weekly_chain,2026-06-01 00:00:00,26,"Мука пшеничная, кг",food,True,exact,1.0,388,"Мука пшеничная, кг",0.00424,100.22,0.21999999999999886,0.0009327999999999951
weekly_chain,2026-06-01 00:00:00,27,"Хлеб из ржаной муки и из смеси муки ржаной и пшеничной, кг",food,True,exact,1.0,710,"Хлеб из ржаной муки и из смеси муки ржаной и пшеничной, кг",0.00255,100.11,0.10999999999999943,0.0002804999999999986
weekly_chain,2026-06-01 00:00:00,28,"Хлеб и булочные изделия из пшеничной муки различных сортов, кг",food,True,exact,1.0,1054,"Хлеб и булочные изделия из пшеничной муки различных сортов, кг",0.00735,100.17,0.1700000000000017,0.0012495000000000125
weekly_chain,2026-06-01 00:00:00,29,"Рис шлифованный, кг",food,True,exact,1.0,552,"Рис шлифованный, кг",0.00479,100.0,0.0,0.0
weekly_chain,2026-06-01 00:00:00,3,"Баранина (кроме бескостного мяса), кг",food,True,exact,1.0,122,"Баранина (кроме бескостного мяса), кг",0.00651,100.0,0.0,0.0
weekly_chain,2026-06-01 00:00:00,30,"Пшено, кг",food,True,exact,1.0,539,"Пшено, кг",0.00118,99.87,-0.12999999999999545,-0.00015339999999999465
weekly_chain,2026-06-01 00:00:00,31,"Крупа гречневая-ядрица, кг",food,True,exact,1.0,320,"Крупа гречневая-ядрица, кг",0.00337,96.01,-3.989999999999995,-0.013446299999999984
weekly_chain,2026-06-01 00:00:00,32,"Вермишель, кг",food,True,exact,1.0,158,"Вермишель, кг",0.00142,100.43,0.4300000000000068,0.0006106000000000097
weekly_chain,2026-06-01 00:00:00,33,"Макаронные изделия из пшеничной муки высшего сорта, кг",food,True,exact,1.0,354,"Макаронные изделия из пшеничной муки высшего сорта, кг",0.00382,100.0,0.0,0.0
weekly_chain,2026-06-01 00:00:00,34,"Картофель, кг",food,True,exact,1.0,252,"Картофель, кг",0.00612,98.68,-1.3199999999999932,-0.008078399999999958
weekly_chain,2026-06-01 00:00:00,35,"Капуста белокочанная свежая, кг",food,True,exact,1.0,249,"Капуста белокочанная свежая, кг",0.00236,97.56,-2.4399999999999977,-0.005758399999999995
weekly_chain,2026-06-01 00:00:00,36,"Лук репчатый, кг",food,True,exact,1.0,349,"Лук репчатый, кг",0.00236,103.93,3.930000000000007,0.009274800000000017
weekly_chain,2026-06-01 00:00:00,37,"Свёкла столовая, кг",food,True,exact,1.0,574,"Свёкла столовая, кг",0.00077,101.25,1.25,0.0009624999999999999
weekly_chain,2026-06-01 00:00:00,38,"Морковь, кг",food,True,exact,1.0,382,"Морковь, кг",0.0021,98.04,-1.9599999999999937,-0.004115999999999987
weekly_chain,2026-06-01 00:00:00,39,"Огурцы свежие, кг",food,True,exact,1.0,435,"Огурцы свежие, кг",0.00468,108.87,8.870000000000005,0.041511600000000023
weekly_chain,2026-06-01 00:00:00,4,"Куры охлажденные и мороженые, кг",food,True,exact,1.0,333,"Куры охлажденные и мороженые, кг",0.00958,100.23,0.23000000000000398,0.002203400000000038
weekly_chain,2026-06-01 00:00:00,40,"Помидоры свежие, кг",food,True,exact,1.0,506,"Помидоры свежие, кг",0.00574,98.53,-1.4699999999999989,-0.008437799999999994
weekly_chain,2026-06-01 00:00:00,41,"Яблоки, кг",food,True,exact,1.0,753,"Яблоки, кг",0.00515,102.1,2.0999999999999943,0.01081499999999997
weekly_chain,2026-06-01 00:00:00,42,"Бананы, кг",food,True,exact,1.0,121,"Бананы, кг",0.00418,97.66,-2.3400000000000034,-0.009781200000000014
weekly_chain,2026-06-01 00:00:00,43,"Водка, л",food,True,exact,1.0,171,"Водка, л",0.0033,100.62,0.6200000000000045,0.002046000000000015
weekly_chain,2026-06-01 00:00:00,44,"Обед в столовой, кафе, закусочной (кроме столовой в организации), на 1 человека",food,True,exact,1.0,413,"Обед в столовой, кафе, закусочной (кроме столовой в организации), на 1 человека",0.00697,100.0,0.0,0.0
weekly_chain,2026-06-01 00:00:00,45,"Брюки для детей школьного возраста из джинсовой ткани, шт.",nonfood,True,exact,1.0,141,"Брюки для детей школьного возраста из джинсовой ткани, шт.",0.00098,100.25,0.25,0.000245
weekly_chain,2026-06-01 00:00:00,46,"Пеленки для новорожденных, шт.",nonfood,True,exact,1.0,458,"Пеленки для новорожденных, шт.",0.00019,100.0,0.0,0.0
weekly_chain,2026-06-01 00:00:00,47,"Костюм спортивный для детей школьного возраста, шт.",nonfood,True,exact,1.0,306,"Костюм спортивный для детей школьного возраста, шт.",0.00141,100.18,0.18000000000000682,0.00025380000000000964
weekly_chain,2026-06-01 00:00:00,48,"Майка, футболка мужская бельевая, шт.",nonfood,True,exact,1.0,351,"Майка, футболка мужская бельевая, шт.",0.00151,100.0,0.0,0.0
weekly_chain,2026-06-01 00:00:00,49,"Футболка детская, шт.",nonfood,True,exact,1.0,703,"Футболка детская, шт.",0.00049,99.45,-0.5499999999999972,-0.0002694999999999986
weekly_chain,2026-06-01 00:00:00,5,"Сосиски, сардельки, кг",food,True,exact,1.0,599,"Сосиски, сардельки, кг",0.00553,105.71,5.709999999999994,0.03157629999999997
weekly_chain,2026-06-01 00:00:00,50,"Носки мужские, пара",nonfood,True,exact,1.0,410,"Носки мужские, пара",0.00108,98.25,-1.75,-0.00189
weekly_chain,2026-06-01 00:00:00,51,"Колготки женские эластичные, шт.",nonfood,True,exact,1.0,272,"Колготки женские эластичные, шт.",0.00127,99.73,-0.269999999999996,-0.00034289999999999494
weekly_chain,2026-06-01 00:00:00,52,"Кроссовые туфли для детей, пара",nonfood,True,exact,1.0,319,"Кроссовые туфли для детей с верхом из искусственной кожи, пара",0.00156,100.0,0.0,0.0
weekly_chain,2026-06-01 00:00:00,53,"Кроссовые туфли для взрослых, пара",nonfood,True,exact,1.0,1032,"Кроссовые туфли для взрослых, пара",0.00518,100.0,0.0,0.0
weekly_chain,2026-06-01 00:00:00,54,"Мыло хозяйственное, 200 г",nonfood,True,exact,1.0,390,"Мыло хозяйственное, 200 г",0.00174,101.09,1.0900000000000034,0.0018966000000000059
weekly_chain,2026-06-01 00:00:00,55,"Порошок стиральный, кг",nonfood,True,exact,1.0,508,"Порошок стиральный, кг",0.00342,98.9,-1.0999999999999943,-0.00376199999999998
weekly_chain,2026-06-01 00:00:00,56,"Мыло туалетное, 100 г",nonfood,True,exact,1.0,389,"Мыло туалетное, 100 г",0.00099,99.74,-0.2600000000000051,-0.00025740000000000506
weekly_chain,2026-06-01 00:00:00,57,"Шампунь, 250 мл",nonfood,True,exact,1.0,726,"Шампунь, 250 мл",0.0019,96.39,-3.6099999999999994,-0.006858999999999999
weekly_chain,2026-06-01 00:00:00,58,"Паста зубная, 100 г (100 мл)",nonfood,True,exact,1.0,457,"Паста зубная, 100 г (100 мл)",0.00191,99.77,-0.23000000000000398,-0.0004393000000000076
weekly_chain,2026-06-01 00:00:00,59,"Щетка зубная, шт.",nonfood,True,exact,1.0,735,"Щетка зубная, шт.",0.00174,100.04,0.04000000000000625,6.960000000001088e-05
weekly_chain,2026-06-01 00:00:00,6,"Колбаса полукопченая и варено-копченая, кг",food,True,exact,1.0,266,"Колбаса полукопченая и варено-копченая, кг",0.00298,96.54,-3.4599999999999937,-0.010310799999999981
weekly_chain,2026-06-01 00:00:00,60,"Сигареты с фильтром, пачка",nonfood,True,exact,1.0,1046,"Сигареты с фильтром, пачка",0.0086599999999999,100.0,0.0,0.0
weekly_chain,2026-06-01 00:00:00,61,"Спички, коробок",nonfood,True,exact,1.0,601,"Спички, коробок",0.00059,100.0,0.0,0.0
weekly_chain,2026-06-01 00:00:00,62,"Электропылесос напольный, шт.",nonfood,True,exact,1.0,741,"Электропылесос напольный, шт.",0.00185,99.65,-0.3499999999999943,-0.0006474999999999896
weekly_chain,2026-06-01 00:00:00,63,"Бумага туалетная, рулон",nonfood,True,exact,1.0,147,"Бумага туалетная, рулон",0.00099,99.89,-0.10999999999999943,-0.00010889999999999944
weekly_chain,2026-06-01 00:00:00,64,"Прокладки женские гигиенические, 10 шт.",nonfood,True,exact,1.0,984,"Прокладки женские гигиенические, 10 шт.",0.00108,100.16,0.1599999999999966,0.0001727999999999963
weekly_chain,2026-06-01 00:00:00,65,"Подгузники детские бумажные, 10 шт.",nonfood,True,exact,1.0,488,"Подгузники детские бумажные (памперсы), 10 шт.",0.00114,100.0,0.0,0.0
weekly_chain,2026-06-01 00:00:00,66,"Телевизор, шт.",nonfood,False,unmatched,0.46153846153846156,,,,98.04,-1.9599999999999937,
weekly_chain,2026-06-01 00:00:00,67,"Смартфон, шт.",nonfood,True,exact,1.0,585,"Смартфон, шт.",0.00625,100.0,0.0,0.0
weekly_chain,2026-06-01 00:00:00,68,"Доска обрезная, м3",nonfood,True,exact,1.0,213,"Доска обрезная, м3",0.00153,100.0,0.0,0.0
weekly_chain,2026-06-01 00:00:00,69,"Плиты древесностружечные, ориентированно-стружечные, м2",nonfood,True,exact,1.0,486,"Плиты древесностружечные, ориентированно-стружечные, м2",0.0008899999999999,99.7,-0.29999999999999716,-0.00026699999999996746
weekly_chain,2026-06-01 00:00:00,7,"Колбаса вареная, кг",food,True,exact,1.0,265,"Колбаса вареная, кг",0.00464,101.21,1.2099999999999937,0.005614399999999971
weekly_chain,2026-06-01 00:00:00,70,"Дизельное топливо, л",nonfood,True,exact,1.0,209,"Дизельное топливо, л",0.00286,101.16,1.1599999999999966,0.0033175999999999904
weekly_chain,2026-06-01 00:00:00,71,Бензин автомобильный,nonfood,False,unmatched,0.7692307692307693,,,,100.17,0.1700000000000017,
weekly_chain,2026-06-01 00:00:00,72,"Бензин автомобильный марки АИ-92, л",nonfood,True,exact,1.0,130,"Бензин автомобильный марки АИ-92, л",0.01023,100.15,0.15000000000000568,0.0015345000000000582
weekly_chain,2026-06-01 00:00:00,73,"Бензин автомобильный марки АИ-95, л",nonfood,True,exact,1.0,131,"Бензин автомобильный марки АИ-95, л",0.01543,100.15,0.15000000000000568,0.0023145000000000878
weekly_chain,2026-06-01 00:00:00,74,"Бензин автомобильный марки АИ-98 и выше, л",nonfood,True,exact,1.0,132,"Бензин автомобильный марки АИ-98, л",0.00117,100.64,0.6400000000000006,0.0007488000000000006
weekly_chain,2026-06-01 00:00:00,78,"Корвалол, 25 мл",nonfood,True,exact,1.0,302,"Корвалол, 25 мл",0.00039,100.0,0.0,0.0
weekly_chain,2026-06-01 00:00:00,79,"Левомеколь, мазь, 40 г",nonfood,True,exact,1.0,337,"Левомеколь, мазь, 40 г",0.00041,99.06,-0.9399999999999977,-0.00038539999999999907
weekly_chain,2026-06-01 00:00:00,8,"Консервы мясные для детского питания, кг",food,True,exact,1.0,285,"Консервы мясные для детского питания, кг",3e-05,100.25,0.25,7.5e-06
weekly_chain,2026-06-01 00:00:00,80,"Валидол, 60 мг, 10 таблеток",nonfood,True,exact,1.0,150,"Валидол, 60 мг, 10 таблеток",0.00032,100.32,0.3199999999999932,0.00010239999999999783
weekly_chain,2026-06-01 00:00:00,82,"Ренгалин, 20 таблеток",nonfood,True,exact,1.0,1045,"Ренгалин, 20 таблеток",0.0004,99.66,-0.3400000000000034,-0.00013600000000000138
weekly_chain,2026-06-01 00:00:00,85,"Сухие корма для домашних животных, кг",nonfood,True,exact,1.0,616,"Сухие корма для домашних животных, кг",0.00104,100.77,0.769999999999996,0.0008007999999999958
weekly_chain,2026-06-01 00:00:00,86,"Ремонт телевизоров, один вид работ",services,True,fuzzy,0.9850746268656716,543,"Ремонт  телевизоров, один вид работы",0.00037,100.0,0.0,0.0
weekly_chain,2026-06-01 00:00:00,87,"Мойка легкового автомобиля, услуга",services,True,exact,1.0,375,"Мойка легкового автомобиля, услуга",0.00529,106.92,6.920000000000002,0.03660680000000001
weekly_chain,2026-06-01 00:00:00,88,"Стрижка модельная в женском зале, стрижка",services,True,exact,1.0,608,"Стрижка модельная в женском зале, стрижка",0.00549,100.0,0.0,0.0
weekly_chain,2026-06-01 00:00:00,89,"Стрижка модельная в мужском зале, стрижка",services,True,exact,1.0,609,"Стрижка модельная в мужском зале, стрижка",0.0051,100.0,0.0,0.0
weekly_chain,2026-06-01 00:00:00,9,"Рыба мороженая неразделанная, кг",food,True,exact,1.0,558,"Рыба мороженая неразделанная, кг",0.00303,101.77,1.769999999999996,0.005363099999999988
weekly_chain,2026-06-01 00:00:00,90,"Проезд в городском автобусе, поездка",services,True,exact,1.0,525,"Проезд в городском автобусе,поездка",0.00185,100.0,0.0,0.0
weekly_chain,2026-06-01 00:00:00,91,"Проезд в троллейбусе, поездка",services,True,exact,1.0,533,"Проезд в троллейбусе, поездка",0.0001,100.0,0.0,0.0
weekly_chain,2026-06-01 00:00:00,93,"Плата за жилье в домах государственного и муниципального жилищных фондов, м2 общей площади",services,True,exact,1.0,400,"Наём жилых помещений в государственном и муниципальном жилищных фондах, м2 общей площади",0.00012,100.0,0.0,0.0
weekly_chain,2026-06-01 00:00:00,94,"Отопление, Гкал",services,True,exact,1.0,448,"Отопление, Гкал",0.00924,100.0,0.0,0.0
weekly_chain,2026-06-01 00:00:00,95,"Водоснабжение холодное, м3",services,True,exact,1.0,174,"Водоснабжение холодное, м3",0.0053,100.0,0.0,0.0
weekly_chain,2026-06-01 00:00:00,96,"Водоотведение, м3",services,True,exact,1.0,172,"Водоотведение, м3",0.00325,100.0,0.0,0.0
weekly_chain,2026-06-01 00:00:00,97,"Водоснабжение горячее, м3",services,True,exact,1.0,173,"Водоснабжение горячее, м3",0.00592,100.0,0.0,0.0
weekly_chain,2026-06-01 00:00:00,98,Услуги по снабжению электроэнергией,services,True,exact,1.0,744+745+746+747,"Электроэнергия в квартирах без электроплит сверх минимального объема потребления, в расчете за 100 кВт.ч + Электроэнергия в квартирах без электроплит за минимальный объем потребления, в расчете за 100 кВт.ч + Электроэнергия в квартирах с электроплитами за минимальный объем потребления, в расчете за 100 кВт.ч + Электроэнергия в квартирах с электроплитами сверх минимального объема потребления, в расчете за 100 кВт.ч",0.01142,100.0,0.0,0.0
weekly_chain,2026-06-01 00:00:00,99,"Проживание в гостинице 1* или в мотеле, сутки с человека",services,True,exact,1.0,1004,"Проживание в гостинице 1* или в мотеле, сутки с человека",5e-05,100.0,0.0,0.0
weekly_chain,2026-06-08 00:00:00,1,"Говядина (кроме бескостного мяса), кг",food,True,exact,1.0,195,"Говядина (кроме бескостного мяса), кг",0.01634,100.11,0.10999999999999943,0.0017973999999999907
weekly_chain,2026-06-08 00:00:00,10,"Масло сливочное, кг",food,True,exact,1.0,360,"Масло сливочное, кг",0.00872,96.56,-3.4399999999999977,-0.02999679999999998
weekly_chain,2026-06-08 00:00:00,100,"Проживание в гостинице 2*, сутки с человека",services,True,exact,1.0,1005,"Проживание в гостинице 2*, сутки с человека",4e-05,100.0,0.0,0.0
weekly_chain,2026-06-08 00:00:00,101,"Проживание в гостинице 3*, сутки с человека",services,True,exact,1.0,1006,"Проживание в гостинице 3*, сутки с человека",0.00075,100.0,0.0,0.0
weekly_chain,2026-06-08 00:00:00,102,"Проживание в гостинице 4*-5*, сутки с человека",services,True,exact,1.0,1007,"Проживание в гостинице 4*-5*, сутки с человека",0.00067,100.0,0.0,0.0
weekly_chain,2026-06-08 00:00:00,103,"Проживание в хостеле, сутки с человека",services,True,exact,1.0,1008,"Проживание в хостеле, сутки с человека",0.00061,100.0,0.0,0.0
weekly_chain,2026-06-08 00:00:00,104,"Санаторий, день",services,True,exact,1.0,565,"Санаторий, день",0.001,100.0,0.0,0.0
weekly_chain,2026-06-08 00:00:00,105,"Легковой автомобиль иностранной марки новый, шт.",nonfood,True,exact,1.0,339,"Легковой автомобиль иностранной марки новый, шт.",0.00959,100.0,0.0,0.0
weekly_chain,2026-06-08 00:00:00,106,"Легковой автомобиль отечественный новый, шт.",nonfood,True,exact,1.0,340,"Легковой автомобиль отечественный новый, шт.",0.00753,100.0,0.0,0.0
weekly_chain,2026-06-08 00:00:00,107,"Дом отдыха, пансионат, день",services,True,exact,1.0,210,"Дом отдыха, пансионат, день",0.00177,100.0,0.0,0.0
weekly_chain,2026-06-08 00:00:00,108,"Восстановление зуба пломбой, услуга",services,True,exact,1.0,342,"Лечение кариеса, пломба",0.00221,100.0,0.0,0.0
weekly_chain,2026-06-08 00:00:00,109,"Метамизол натрия (Анальгин отечественный), 10 таблеток",nonfood,True,exact,1.0,370,"Метамизол натрия (Анальгин отечественный), 500 мг, 10 таблеток",0.00036,100.31,0.3100000000000023,0.00011160000000000083
weekly_chain,2026-06-08 00:00:00,11,"Масло подсолнечное, л",food,True,exact,1.0,359,"Масло подсолнечное, кг",0.00543,102.46,2.4599999999999937,0.013357799999999967
weekly_chain,2026-06-08 00:00:00,110,"Пенталгин, 24 таблетки",nonfood,True,exact,1.0,1099,"Пенталгин, 24 таблетки",0.00035,101.26,1.2600000000000051,0.0004410000000000018
weekly_chain,2026-06-08 00:00:00,111,"Нимесулид, 10 таблеток",nonfood,True,exact,1.0,406,"Нимесулид, 100 мг, 10 таблеток",0.0004,100.71,0.7099999999999937,0.0002839999999999975
weekly_chain,2026-06-08 00:00:00,112,"Трекрезан, 10 таблеток",nonfood,True,exact,1.0,1102,"Трекрезан, 10 таблеток",0.00032,100.0,0.0,0.0
weekly_chain,2026-06-08 00:00:00,113,"Активированный уголь, 10 таблеток",nonfood,True,exact,1.0,851,"Активированный уголь, 250 мг, 10 таблеток",0.00032,101.52,1.519999999999996,0.00048639999999999876
weekly_chain,2026-06-08 00:00:00,114,"Лизобакт, 10 таблеток",nonfood,True,exact,1.0,1096,"Лизобакт, 10 таблеток",0.00034,100.0,0.0,0.0
weekly_chain,2026-06-08 00:00:00,12,"Маргарин, кг",food,True,exact,1.0,357,"Маргарин, кг",0.0008,100.0,0.0,0.0
weekly_chain,2026-06-08 00:00:00,13,"Молоко питьевое цельное пастеризованное 2,5-3,2% жирности, л",food,True,exact,1.0,378,"Молоко питьевое цельное пастеризованное 2,5-3,2% жирности, л",0.00302,99.33,-0.6700000000000017,-0.002023400000000005
weekly_chain,2026-06-08 00:00:00,14,"Молоко питьевое цельное ультрапастеризованное 2,5-3,2% жирности, л",food,True,fuzzy,0.9491525423728814,378,"Молоко питьевое цельное пастеризованное 2,5-3,2% жирности, л",0.00302,100.0,0.0,0.0
weekly_chain,2026-06-08 00:00:00,15,"Сметана, кг",food,True,exact,1.0,588,"Сметана, кг",0.00748,100.19,0.18999999999999773,0.001421199999999983
weekly_chain,2026-06-08 00:00:00,16,"Творог, кг",food,True,exact,1.0,1049,"Творог, кг",0.00591,97.84,-2.1599999999999966,-0.012765599999999981
weekly_chain,2026-06-08 00:00:00,17,"Смеси сухие молочные для детского питания, кг",food,True,exact,1.0,587,"Смеси сухие молочные для детского питания, кг",0.00077,100.0,0.0,0.0
weekly_chain,2026-06-08 00:00:00,18,"Сыры твердые, полутвердые и мягкие, кг",food,True,exact,1.0,621,"Сыры твердые, полутвердые и мягкие, кг",0.00514,102.11,2.1099999999999994,0.010845399999999996
weekly_chain,2026-06-08 00:00:00,19,"Консервы овощные для детского питания, кг",food,True,exact,1.0,288,"Консервы овощные для детского питания, кг",8e-05,99.37,-0.6299999999999955,-5.039999999999964e-05
weekly_chain,2026-06-08 00:00:00,2,"Свинина (кроме бескостного мяса), кг",food,True,exact,1.0,577,"Свинина (кроме бескостного мяса), кг",0.00481,100.21,0.20999999999999375,0.00101009999999997
weekly_chain,2026-06-08 00:00:00,20,"Консервы фруктово-ягодные для детского питания, кг",food,True,exact,1.0,294,"Консервы фруктово-ягодные для детского питания, кг",9e-05,96.75,-3.25,-0.0002925
weekly_chain,2026-06-08 00:00:00,21,"Яйца куриные, 10 шт.",food,True,exact,1.0,754,"Яйца куриные, 10 шт.",0.00543,96.65,-3.3499999999999943,-0.01819049999999997
weekly_chain,2026-06-08 00:00:00,22,"Сахар-песок, кг",food,True,exact,1.0,572,"Сахар-песок, кг",0.00532,100.69,0.6899999999999977,0.003670799999999988
weekly_chain,2026-06-08 00:00:00,23,"Печенье, кг",food,True,exact,1.0,470,"Печенье, кг",0.00549,101.79,1.7900000000000063,0.009827100000000035
weekly_chain,2026-06-08 00:00:00,24,"Чай черный байховый, кг",food,True,exact,1.0,717,"Чай черный байховый, кг",0.00269,100.0,0.0,0.0
weekly_chain,2026-06-08 00:00:00,25,"Соль поваренная пищевая, кг",food,True,exact,1.0,593,"Соль поваренная пищевая, кг",0.00122,99.79,-0.20999999999999375,-0.00025619999999999235
weekly_chain,2026-06-08 00:00:00,26,"Мука пшеничная, кг",food,True,exact,1.0,388,"Мука пшеничная, кг",0.00424,100.0,0.0,0.0
weekly_chain,2026-06-08 00:00:00,27,"Хлеб из ржаной муки и из смеси муки ржаной и пшеничной, кг",food,True,exact,1.0,710,"Хлеб из ржаной муки и из смеси муки ржаной и пшеничной, кг",0.00255,100.04,0.04000000000000625,0.00010200000000001595
weekly_chain,2026-06-08 00:00:00,28,"Хлеб и булочные изделия из пшеничной муки различных сортов, кг",food,True,exact,1.0,1054,"Хлеб и булочные изделия из пшеничной муки различных сортов, кг",0.00735,99.8,-0.20000000000000284,-0.0014700000000000208
weekly_chain,2026-06-08 00:00:00,29,"Рис шлифованный, кг",food,True,exact,1.0,552,"Рис шлифованный, кг",0.00479,100.0,0.0,0.0
weekly_chain,2026-06-08 00:00:00,3,"Баранина (кроме бескостного мяса), кг",food,True,exact,1.0,122,"Баранина (кроме бескостного мяса), кг",0.00651,102.11,2.1099999999999994,0.013736099999999996
weekly_chain,2026-06-08 00:00:00,30,"Пшено, кг",food,True,exact,1.0,539,"Пшено, кг",0.00118,99.36,-0.6400000000000006,-0.0007552000000000007
weekly_chain,2026-06-08 00:00:00,31,"Крупа гречневая-ядрица, кг",food,True,exact,1.0,320,"Крупа гречневая-ядрица, кг",0.00337,102.1,2.0999999999999943,0.007076999999999981
weekly_chain,2026-06-08 00:00:00,32,"Вермишель, кг",food,True,exact,1.0,158,"Вермишель, кг",0.00142,100.0,0.0,0.0
weekly_chain,2026-06-08 00:00:00,33,"Макаронные изделия из пшеничной муки высшего сорта, кг",food,True,exact,1.0,354,"Макаронные изделия из пшеничной муки высшего сорта, кг",0.00382,100.0,0.0,0.0
weekly_chain,2026-06-08 00:00:00,34,"Картофель, кг",food,True,exact,1.0,252,"Картофель, кг",0.00612,106.02,6.019999999999996,0.03684239999999997
weekly_chain,2026-06-08 00:00:00,35,"Капуста белокочанная свежая, кг",food,True,exact,1.0,249,"Капуста белокочанная свежая, кг",0.00236,92.81,-7.189999999999998,-0.016968399999999995
weekly_chain,2026-06-08 00:00:00,36,"Лук репчатый, кг",food,True,exact,1.0,349,"Лук репчатый, кг",0.00236,114.7,14.700000000000003,0.03469200000000001
weekly_chain,2026-06-08 00:00:00,37,"Свёкла столовая, кг",food,True,exact,1.0,574,"Свёкла столовая, кг",0.00077,100.0,0.0,0.0
weekly_chain,2026-06-08 00:00:00,38,"Морковь, кг",food,True,exact,1.0,382,"Морковь, кг",0.0021,99.17,-0.8299999999999983,-0.0017429999999999963
weekly_chain,2026-06-08 00:00:00,39,"Огурцы свежие, кг",food,True,exact,1.0,435,"Огурцы свежие, кг",0.00468,110.41,10.409999999999997,0.048718799999999986
weekly_chain,2026-06-08 00:00:00,4,"Куры охлажденные и мороженые, кг",food,True,exact,1.0,333,"Куры охлажденные и мороженые, кг",0.00958,101.31,1.3100000000000023,0.012549800000000022
weekly_chain,2026-06-08 00:00:00,40,"Помидоры свежие, кг",food,True,exact,1.0,506,"Помидоры свежие, кг",0.00574,99.95,-0.04999999999999716,-0.0002869999999999837
weekly_chain,2026-06-08 00:00:00,41,"Яблоки, кг",food,True,exact,1.0,753,"Яблоки, кг",0.00515,97.2,-2.799999999999997,-0.014419999999999985
weekly_chain,2026-06-08 00:00:00,42,"Бананы, кг",food,True,exact,1.0,121,"Бананы, кг",0.00418,101.55,1.5499999999999972,0.006478999999999987
weekly_chain,2026-06-08 00:00:00,43,"Водка, л",food,True,exact,1.0,171,"Водка, л",0.0033,102.88,2.8799999999999955,0.009503999999999985
weekly_chain,2026-06-08 00:00:00,44,"Обед в столовой, кафе, закусочной (кроме столовой в организации), на 1 человека",food,True,exact,1.0,413,"Обед в столовой, кафе, закусочной (кроме столовой в организации), на 1 человека",0.00697,100.0,0.0,0.0
weekly_chain,2026-06-08 00:00:00,45,"Брюки для детей школьного возраста из джинсовой ткани, шт.",nonfood,True,exact,1.0,141,"Брюки для детей школьного возраста из джинсовой ткани, шт.",0.00098,100.0,0.0,0.0
weekly_chain,2026-06-08 00:00:00,46,"Пеленки для новорожденных, шт.",nonfood,True,exact,1.0,458,"Пеленки для новорожденных, шт.",0.00019,100.0,0.0,0.0
weekly_chain,2026-06-08 00:00:00,47,"Костюм спортивный для детей школьного возраста, шт.",nonfood,True,exact,1.0,306,"Костюм спортивный для детей школьного возраста, шт.",0.00141,100.38,0.37999999999999545,0.0005357999999999936
weekly_chain,2026-06-08 00:00:00,48,"Майка, футболка мужская бельевая, шт.",nonfood,True,exact,1.0,351,"Майка, футболка мужская бельевая, шт.",0.00151,102.42,2.4200000000000017,0.003654200000000003
weekly_chain,2026-06-08 00:00:00,49,"Футболка детская, шт.",nonfood,True,exact,1.0,703,"Футболка детская, шт.",0.00049,98.89,-1.1099999999999994,-0.0005438999999999997
weekly_chain,2026-06-08 00:00:00,5,"Сосиски, сардельки, кг",food,True,exact,1.0,599,"Сосиски, сардельки, кг",0.00553,99.42,-0.5799999999999983,-0.0032073999999999905
weekly_chain,2026-06-08 00:00:00,50,"Носки мужские, пара",nonfood,True,exact,1.0,410,"Носки мужские, пара",0.00108,96.03,-3.969999999999999,-0.004287599999999999
weekly_chain,2026-06-08 00:00:00,51,"Колготки женские эластичные, шт.",nonfood,True,exact,1.0,272,"Колготки женские эластичные, шт.",0.00127,103.08,3.0799999999999983,0.003911599999999998
weekly_chain,2026-06-08 00:00:00,52,"Кроссовые туфли для детей, пара",nonfood,True,exact,1.0,319,"Кроссовые туфли для детей с верхом из искусственной кожи, пара",0.00156,100.0,0.0,0.0
weekly_chain,2026-06-08 00:00:00,53,"Кроссовые туфли для взрослых, пара",nonfood,True,exact,1.0,1032,"Кроссовые туфли для взрослых, пара",0.00518,100.03,0.030000000000001137,0.0001554000000000059
weekly_chain,2026-06-08 00:00:00,54,"Мыло хозяйственное, 200 г",nonfood,True,exact,1.0,390,"Мыло хозяйственное, 200 г",0.00174,97.06,-2.9399999999999977,-0.005115599999999996
weekly_chain,2026-06-08 00:00:00,55,"Порошок стиральный, кг",nonfood,True,exact,1.0,508,"Порошок стиральный, кг",0.00342,100.0,0.0,0.0
weekly_chain,2026-06-08 00:00:00,56,"Мыло туалетное, 100 г",nonfood,True,exact,1.0,389,"Мыло туалетное, 100 г",0.00099,100.0,0.0,0.0
weekly_chain,2026-06-08 00:00:00,57,"Шампунь, 250 мл",nonfood,True,exact,1.0,726,"Шампунь, 250 мл",0.0019,99.74,-0.2600000000000051,-0.0004940000000000097
weekly_chain,2026-06-08 00:00:00,58,"Паста зубная, 100 г (100 мл)",nonfood,True,exact,1.0,457,"Паста зубная, 100 г (100 мл)",0.00191,100.0,0.0,0.0
weekly_chain,2026-06-08 00:00:00,59,"Щетка зубная, шт.",nonfood,True,exact,1.0,735,"Щетка зубная, шт.",0.00174,99.81,-0.18999999999999773,-0.00033059999999999606
weekly_chain,2026-06-08 00:00:00,6,"Колбаса полукопченая и варено-копченая, кг",food,True,exact,1.0,266,"Колбаса полукопченая и варено-копченая, кг",0.00298,96.48,-3.519999999999996,-0.010489599999999988
weekly_chain,2026-06-08 00:00:00,60,"Сигареты с фильтром, пачка",nonfood,True,exact,1.0,1046,"Сигареты с фильтром, пачка",0.0086599999999999,100.0,0.0,0.0
weekly_chain,2026-06-08 00:00:00,61,"Спички, коробок",nonfood,True,exact,1.0,601,"Спички, коробок",0.00059,100.0,0.0,0.0
weekly_chain,2026-06-08 00:00:00,62,"Электропылесос напольный, шт.",nonfood,True,exact,1.0,741,"Электропылесос напольный, шт.",0.00185,99.54,-0.45999999999999375,-0.0008509999999999885
weekly_chain,2026-06-08 00:00:00,63,"Бумага туалетная, рулон",nonfood,True,exact,1.0,147,"Бумага туалетная, рулон",0.00099,100.0,0.0,0.0
weekly_chain,2026-06-08 00:00:00,64,"Прокладки женские гигиенические, 10 шт.",nonfood,True,exact,1.0,984,"Прокладки женские гигиенические, 10 шт.",0.00108,99.8,-0.20000000000000284,-0.00021600000000000308
weekly_chain,2026-06-08 00:00:00,65,"Подгузники детские бумажные, 10 шт.",nonfood,True,exact,1.0,488,"Подгузники детские бумажные (памперсы), 10 шт.",0.00114,98.93,-1.0699999999999932,-0.0012197999999999922
weekly_chain,2026-06-08 00:00:00,66,"Телевизор, шт.",nonfood,False,unmatched,0.46153846153846156,,,,94.78,-5.219999999999999,
weekly_chain,2026-06-08 00:00:00,67,"Смартфон, шт.",nonfood,True,exact,1.0,585,"Смартфон, шт.",0.00625,99.77,-0.23000000000000398,-0.001437500000000025
weekly_chain,2026-06-08 00:00:00,68,"Доска обрезная, м3",nonfood,True,exact,1.0,213,"Доска обрезная, м3",0.00153,100.0,0.0,0.0
weekly_chain,2026-06-08 00:00:00,69,"Плиты древесностружечные, ориентированно-стружечные, м2",nonfood,True,exact,1.0,486,"Плиты древесностружечные, ориентированно-стружечные, м2",0.0008899999999999,99.16,-0.8400000000000034,-0.0007475999999999191
weekly_chain,2026-06-08 00:00:00,7,"Колбаса вареная, кг",food,True,exact,1.0,265,"Колбаса вареная, кг",0.00464,99.21,-0.7900000000000063,-0.003665600000000029
weekly_chain,2026-06-08 00:00:00,70,"Дизельное топливо, л",nonfood,True,exact,1.0,209,"Дизельное топливо, л",0.00286,101.22,1.2199999999999989,0.003489199999999997
weekly_chain,2026-06-08 00:00:00,71,Бензин автомобильный,nonfood,False,unmatched,0.7692307692307693,,,,102.28,2.280000000000001,
weekly_chain,2026-06-08 00:00:00,72,"Бензин автомобильный марки АИ-92, л",nonfood,True,exact,1.0,130,"Бензин автомобильный марки АИ-92, л",0.01023,101.84,1.8400000000000034,0.018823200000000033
weekly_chain,2026-06-08 00:00:00,73,"Бензин автомобильный марки АИ-95, л",nonfood,True,exact,1.0,131,"Бензин автомобильный марки АИ-95, л",0.01543,102.66,2.6599999999999966,0.04104379999999994
weekly_chain,2026-06-08 00:00:00,74,"Бензин автомобильный марки АИ-98 и выше, л",nonfood,True,exact,1.0,132,"Бензин автомобильный марки АИ-98, л",0.00117,101.23,1.230000000000004,0.0014391000000000048
weekly_chain,2026-06-08 00:00:00,78,"Корвалол, 25 мл",nonfood,True,exact,1.0,302,"Корвалол, 25 мл",0.00039,99.8,-0.20000000000000284,-7.800000000000111e-05
weekly_chain,2026-06-08 00:00:00,79,"Левомеколь, мазь, 40 г",nonfood,True,exact,1.0,337,"Левомеколь, мазь, 40 г",0.00041,100.97,0.9699999999999989,0.00039769999999999953
weekly_chain,2026-06-08 00:00:00,8,"Консервы мясные для детского питания, кг",food,True,exact,1.0,285,"Консервы мясные для детского питания, кг",3e-05,102.7,2.700000000000003,8.100000000000009e-05
weekly_chain,2026-06-08 00:00:00,80,"Валидол, 60 мг, 10 таблеток",nonfood,True,exact,1.0,150,"Валидол, 60 мг, 10 таблеток",0.00032,98.01,-1.9899999999999949,-0.0006367999999999985
weekly_chain,2026-06-08 00:00:00,82,"Ренгалин, 20 таблеток",nonfood,True,exact,1.0,1045,"Ренгалин, 20 таблеток",0.0004,100.09,0.09000000000000341,3.600000000000136e-05
weekly_chain,2026-06-08 00:00:00,85,"Сухие корма для домашних животных, кг",nonfood,True,exact,1.0,616,"Сухие корма для домашних животных, кг",0.00104,100.0,0.0,0.0
weekly_chain,2026-06-08 00:00:00,86,"Ремонт телевизоров, один вид работ",services,True,fuzzy,0.9850746268656716,543,"Ремонт  телевизоров, один вид работы",0.00037,100.0,0.0,0.0
weekly_chain,2026-06-08 00:00:00,87,"Мойка легкового автомобиля, услуга",services,True,exact,1.0,375,"Мойка легкового автомобиля, услуга",0.00529,100.0,0.0,0.0
weekly_chain,2026-06-08 00:00:00,88,"Стрижка модельная в женском зале, стрижка",services,True,exact,1.0,608,"Стрижка модельная в женском зале, стрижка",0.00549,100.0,0.0,0.0
weekly_chain,2026-06-08 00:00:00,89,"Стрижка модельная в мужском зале, стрижка",services,True,exact,1.0,609,"Стрижка модельная в мужском зале, стрижка",0.0051,100.0,0.0,0.0
weekly_chain,2026-06-08 00:00:00,9,"Рыба мороженая неразделанная, кг",food,True,exact,1.0,558,"Рыба мороженая неразделанная, кг",0.00303,100.43,0.4300000000000068,0.0013029000000000207
weekly_chain,2026-06-08 00:00:00,90,"Проезд в городском автобусе, поездка",services,True,exact,1.0,525,"Проезд в городском автобусе,поездка",0.00185,100.0,0.0,0.0
weekly_chain,2026-06-08 00:00:00,91,"Проезд в троллейбусе, поездка",services,True,exact,1.0,533,"Проезд в троллейбусе, поездка",0.0001,100.0,0.0,0.0
weekly_chain,2026-06-08 00:00:00,93,"Плата за жилье в домах государственного и муниципального жилищных фондов, м2 общей площади",services,True,exact,1.0,400,"Наём жилых помещений в государственном и муниципальном жилищных фондах, м2 общей площади",0.00012,100.0,0.0,0.0
weekly_chain,2026-06-08 00:00:00,94,"Отопление, Гкал",services,True,exact,1.0,448,"Отопление, Гкал",0.00924,100.0,0.0,0.0
weekly_chain,2026-06-08 00:00:00,95,"Водоснабжение холодное, м3",services,True,exact,1.0,174,"Водоснабжение холодное, м3",0.0053,100.0,0.0,0.0
weekly_chain,2026-06-08 00:00:00,96,"Водоотведение, м3",services,True,exact,1.0,172,"Водоотведение, м3",0.00325,100.0,0.0,0.0
weekly_chain,2026-06-08 00:00:00,97,"Водоснабжение горячее, м3",services,True,exact,1.0,173,"Водоснабжение горячее, м3",0.00592,100.0,0.0,0.0
weekly_chain,2026-06-08 00:00:00,98,Услуги по снабжению электроэнергией,services,True,exact,1.0,744+745+746+747,"Электроэнергия в квартирах без электроплит сверх минимального объема потребления, в расчете за 100 кВт.ч + Электроэнергия в квартирах без электроплит за минимальный объем потребления, в расчете за 100 кВт.ч + Электроэнергия в квартирах с электроплитами за минимальный объем потребления, в расчете за 100 кВт.ч + Электроэнергия в квартирах с электроплитами сверх минимального объема потребления, в расчете за 100 кВт.ч",0.01142,100.0,0.0,0.0
weekly_chain,2026-06-08 00:00:00,99,"Проживание в гостинице 1* или в мотеле, сутки с человека",services,True,exact,1.0,1004,"Проживание в гостинице 1* или в мотеле, сутки с человека",5e-05,100.0,0.0,0.0
weekly_chain,2026-06-15 00:00:00,1,"Говядина (кроме бескостного мяса), кг",food,True,exact,1.0,195,"Говядина (кроме бескостного мяса), кг",0.01634,100.0,0.0,0.0
weekly_chain,2026-06-15 00:00:00,10,"Масло сливочное, кг",food,True,exact,1.0,360,"Масло сливочное, кг",0.00872,100.22,0.21999999999999886,0.0019183999999999903
weekly_chain,2026-06-15 00:00:00,100,"Проживание в гостинице 2*, сутки с человека",services,True,exact,1.0,1005,"Проживание в гостинице 2*, сутки с человека",4e-05,100.0,0.0,0.0
weekly_chain,2026-06-15 00:00:00,101,"Проживание в гостинице 3*, сутки с человека",services,True,exact,1.0,1006,"Проживание в гостинице 3*, сутки с человека",0.00075,100.0,0.0,0.0
weekly_chain,2026-06-15 00:00:00,102,"Проживание в гостинице 4*-5*, сутки с человека",services,True,exact,1.0,1007,"Проживание в гостинице 4*-5*, сутки с человека",0.00067,96.55,-3.450000000000003,-0.002311500000000002
weekly_chain,2026-06-15 00:00:00,103,"Проживание в хостеле, сутки с человека",services,True,exact,1.0,1008,"Проживание в хостеле, сутки с человека",0.00061,100.0,0.0,0.0
weekly_chain,2026-06-15 00:00:00,104,"Санаторий, день",services,True,exact,1.0,565,"Санаторий, день",0.001,100.0,0.0,0.0
weekly_chain,2026-06-15 00:00:00,105,"Легковой автомобиль иностранной марки новый, шт.",nonfood,True,exact,1.0,339,"Легковой автомобиль иностранной марки новый, шт.",0.00959,100.48,0.480000000000004,0.004603200000000038
weekly_chain,2026-06-15 00:00:00,106,"Легковой автомобиль отечественный новый, шт.",nonfood,True,exact,1.0,340,"Легковой автомобиль отечественный новый, шт.",0.00753,100.0,0.0,0.0
weekly_chain,2026-06-15 00:00:00,107,"Дом отдыха, пансионат, день",services,True,exact,1.0,210,"Дом отдыха, пансионат, день",0.00177,100.0,0.0,0.0
weekly_chain,2026-06-15 00:00:00,108,"Восстановление зуба пломбой, услуга",services,True,exact,1.0,342,"Лечение кариеса, пломба",0.00221,100.0,0.0,0.0
weekly_chain,2026-06-15 00:00:00,109,"Метамизол натрия (Анальгин отечественный), 10 таблеток",nonfood,True,exact,1.0,370,"Метамизол натрия (Анальгин отечественный), 500 мг, 10 таблеток",0.00036,100.0,0.0,0.0
weekly_chain,2026-06-15 00:00:00,11,"Масло подсолнечное, л",food,True,exact,1.0,359,"Масло подсолнечное, кг",0.00543,100.0,0.0,0.0
weekly_chain,2026-06-15 00:00:00,110,"Пенталгин, 24 таблетки",nonfood,True,exact,1.0,1099,"Пенталгин, 24 таблетки",0.00035,97.82,-2.180000000000007,-0.0007630000000000024
weekly_chain,2026-06-15 00:00:00,111,"Нимесулид, 10 таблеток",nonfood,True,exact,1.0,406,"Нимесулид, 100 мг, 10 таблеток",0.0004,100.72,0.7199999999999989,0.0002879999999999996
weekly_chain,2026-06-15 00:00:00,112,"Трекрезан, 10 таблеток",nonfood,True,exact,1.0,1102,"Трекрезан, 10 таблеток",0.00032,100.0,0.0,0.0
weekly_chain,2026-06-15 00:00:00,113,"Активированный уголь, 10 таблеток",nonfood,True,exact,1.0,851,"Активированный уголь, 250 мг, 10 таблеток",0.00032,102.13,2.1299999999999955,0.0006815999999999986
weekly_chain,2026-06-15 00:00:00,114,"Лизобакт, 10 таблеток",nonfood,True,exact,1.0,1096,"Лизобакт, 10 таблеток",0.00034,100.0,0.0,0.0
weekly_chain,2026-06-15 00:00:00,12,"Маргарин, кг",food,True,exact,1.0,357,"Маргарин, кг",0.0008,100.87,0.8700000000000045,0.0006960000000000037
weekly_chain,2026-06-15 00:00:00,13,"Молоко питьевое цельное пастеризованное 2,5-3,2% жирности, л",food,True,exact,1.0,378,"Молоко питьевое цельное пастеризованное 2,5-3,2% жирности, л",0.00302,99.58,-0.4200000000000017,-0.0012684000000000052
weekly_chain,2026-06-15 00:00:00,14,"Молоко питьевое цельное ультрапастеризованное 2,5-3,2% жирности, л",food,True,fuzzy,0.9491525423728814,378,"Молоко питьевое цельное пастеризованное 2,5-3,2% жирности, л",0.00302,101.2,1.2000000000000028,0.0036240000000000087
weekly_chain,2026-06-15 00:00:00,15,"Сметана, кг",food,True,exact,1.0,588,"Сметана, кг",0.00748,98.64,-1.3599999999999994,-0.010172799999999996
weekly_chain,2026-06-15 00:00:00,16,"Творог, кг",food,True,exact,1.0,1049,"Творог, кг",0.00591,103.41,3.4099999999999966,0.02015309999999998
weekly_chain,2026-06-15 00:00:00,17,"Смеси сухие молочные для детского питания, кг",food,True,exact,1.0,587,"Смеси сухие молочные для детского питания, кг",0.00077,101.53,1.5300000000000011,0.0011781000000000007
weekly_chain,2026-06-15 00:00:00,18,"Сыры твердые, полутвердые и мягкие, кг",food,True,exact,1.0,621,"Сыры твердые, полутвердые и мягкие, кг",0.00514,99.84,-0.1599999999999966,-0.0008223999999999824
weekly_chain,2026-06-15 00:00:00,19,"Консервы овощные для детского питания, кг",food,True,exact,1.0,288,"Консервы овощные для детского питания, кг",8e-05,105.07,5.069999999999993,0.0004055999999999995
weekly_chain,2026-06-15 00:00:00,2,"Свинина (кроме бескостного мяса), кг",food,True,exact,1.0,577,"Свинина (кроме бескостного мяса), кг",0.00481,98.39,-1.6099999999999994,-0.007744099999999998
weekly_chain,2026-06-15 00:00:00,20,"Консервы фруктово-ягодные для детского питания, кг",food,True,exact,1.0,294,"Консервы фруктово-ягодные для детского питания, кг",9e-05,102.3,2.299999999999997,0.00020699999999999975
weekly_chain,2026-06-15 00:00:00,21,"Яйца куриные, 10 шт.",food,True,exact,1.0,754,"Яйца куриные, 10 шт.",0.00543,96.57,-3.430000000000007,-0.018624900000000038
weekly_chain,2026-06-15 00:00:00,22,"Сахар-песок, кг",food,True,exact,1.0,572,"Сахар-песок, кг",0.00532,100.35,0.3499999999999943,0.0018619999999999698
weekly_chain,2026-06-15 00:00:00,23,"Печенье, кг",food,True,exact,1.0,470,"Печенье, кг",0.00549,100.49,0.4899999999999949,0.0026900999999999718
weekly_chain,2026-06-15 00:00:00,24,"Чай черный байховый, кг",food,True,exact,1.0,717,"Чай черный байховый, кг",0.00269,100.29,0.29000000000000625,0.0007801000000000168
weekly_chain,2026-06-15 00:00:00,25,"Соль поваренная пищевая, кг",food,True,exact,1.0,593,"Соль поваренная пищевая, кг",0.00122,100.0,0.0,0.0
weekly_chain,2026-06-15 00:00:00,26,"Мука пшеничная, кг",food,True,exact,1.0,388,"Мука пшеничная, кг",0.00424,99.66,-0.3400000000000034,-0.0014416000000000144
weekly_chain,2026-06-15 00:00:00,27,"Хлеб из ржаной муки и из смеси муки ржаной и пшеничной, кг",food,True,exact,1.0,710,"Хлеб из ржаной муки и из смеси муки ржаной и пшеничной, кг",0.00255,101.31,1.3100000000000023,0.0033405000000000062
weekly_chain,2026-06-15 00:00:00,28,"Хлеб и булочные изделия из пшеничной муки различных сортов, кг",food,True,exact,1.0,1054,"Хлеб и булочные изделия из пшеничной муки различных сортов, кг",0.00735,100.0,0.0,0.0
weekly_chain,2026-06-15 00:00:00,29,"Рис шлифованный, кг",food,True,exact,1.0,552,"Рис шлифованный, кг",0.00479,100.0,0.0,0.0
weekly_chain,2026-06-15 00:00:00,3,"Баранина (кроме бескостного мяса), кг",food,True,exact,1.0,122,"Баранина (кроме бескостного мяса), кг",0.00651,100.0,0.0,0.0
weekly_chain,2026-06-15 00:00:00,30,"Пшено, кг",food,True,exact,1.0,539,"Пшено, кг",0.00118,98.78,-1.2199999999999989,-0.0014395999999999988
weekly_chain,2026-06-15 00:00:00,31,"Крупа гречневая-ядрица, кг",food,True,exact,1.0,320,"Крупа гречневая-ядрица, кг",0.00337,103.15,3.1500000000000057,0.010615500000000019
weekly_chain,2026-06-15 00:00:00,32,"Вермишель, кг",food,True,exact,1.0,158,"Вермишель, кг",0.00142,100.0,0.0,0.0
weekly_chain,2026-06-15 00:00:00,33,"Макаронные изделия из пшеничной муки высшего сорта, кг",food,True,exact,1.0,354,"Макаронные изделия из пшеничной муки высшего сорта, кг",0.00382,99.54,-0.45999999999999375,-0.0017571999999999761
weekly_chain,2026-06-15 00:00:00,34,"Картофель, кг",food,True,exact,1.0,252,"Картофель, кг",0.00612,109.44,9.439999999999998,0.057772799999999985
weekly_chain,2026-06-15 00:00:00,35,"Капуста белокочанная свежая, кг",food,True,exact,1.0,249,"Капуста белокочанная свежая, кг",0.00236,108.59,8.590000000000003,0.02027240000000001
weekly_chain,2026-06-15 00:00:00,36,"Лук репчатый, кг",food,True,exact,1.0,349,"Лук репчатый, кг",0.00236,113.6,13.599999999999994,0.032095999999999986
weekly_chain,2026-06-15 00:00:00,37,"Свёкла столовая, кг",food,True,exact,1.0,574,"Свёкла столовая, кг",0.00077,102.86,2.8599999999999994,0.0022021999999999996
weekly_chain,2026-06-15 00:00:00,38,"Морковь, кг",food,True,exact,1.0,382,"Морковь, кг",0.0021,102.97,2.969999999999999,0.006236999999999997
weekly_chain,2026-06-15 00:00:00,39,"Огурцы свежие, кг",food,True,exact,1.0,435,"Огурцы свежие, кг",0.00468,89.9,-10.099999999999994,-0.04726799999999998
weekly_chain,2026-06-15 00:00:00,4,"Куры охлажденные и мороженые, кг",food,True,exact,1.0,333,"Куры охлажденные и мороженые, кг",0.00958,100.35,0.3499999999999943,0.0033529999999999454
weekly_chain,2026-06-15 00:00:00,40,"Помидоры свежие, кг",food,True,exact,1.0,506,"Помидоры свежие, кг",0.00574,95.33,-4.670000000000002,-0.02680580000000001
weekly_chain,2026-06-15 00:00:00,41,"Яблоки, кг",food,True,exact,1.0,753,"Яблоки, кг",0.00515,95.62,-4.3799999999999955,-0.022556999999999976
weekly_chain,2026-06-15 00:00:00,42,"Бананы, кг",food,True,exact,1.0,121,"Бананы, кг",0.00418,96.61,-3.3900000000000006,-0.0141702
weekly_chain,2026-06-15 00:00:00,43,"Водка, л",food,True,exact,1.0,171,"Водка, л",0.0033,100.57,0.5699999999999932,0.0018809999999999775
weekly_chain,2026-06-15 00:00:00,44,"Обед в столовой, кафе, закусочной (кроме столовой в организации), на 1 человека",food,True,exact,1.0,413,"Обед в столовой, кафе, закусочной (кроме столовой в организации), на 1 человека",0.00697,100.0,0.0,0.0
weekly_chain,2026-06-15 00:00:00,45,"Брюки для детей школьного возраста из джинсовой ткани, шт.",nonfood,True,exact,1.0,141,"Брюки для детей школьного возраста из джинсовой ткани, шт.",0.00098,100.0,0.0,0.0
weekly_chain,2026-06-15 00:00:00,46,"Пеленки для новорожденных, шт.",nonfood,True,exact,1.0,458,"Пеленки для новорожденных, шт.",0.00019,100.15,0.15000000000000568,2.8500000000001082e-05
weekly_chain,2026-06-15 00:00:00,47,"Костюм спортивный для детей школьного возраста, шт.",nonfood,True,exact,1.0,306,"Костюм спортивный для детей школьного возраста, шт.",0.00141,99.62,-0.37999999999999545,-0.0005357999999999936
weekly_chain,2026-06-15 00:00:00,48,"Майка, футболка мужская бельевая, шт.",nonfood,True,exact,1.0,351,"Майка, футболка мужская бельевая, шт.",0.00151,100.0,0.0,0.0
weekly_chain,2026-06-15 00:00:00,49,"Футболка детская, шт.",nonfood,True,exact,1.0,703,"Футболка детская, шт.",0.00049,100.0,0.0,0.0
weekly_chain,2026-06-15 00:00:00,5,"Сосиски, сардельки, кг",food,True,exact,1.0,599,"Сосиски, сардельки, кг",0.00553,101.09,1.0900000000000034,0.0060277000000000195
weekly_chain,2026-06-15 00:00:00,50,"Носки мужские, пара",nonfood,True,exact,1.0,410,"Носки мужские, пара",0.00108,98.8,-1.2000000000000028,-0.001296000000000003
weekly_chain,2026-06-15 00:00:00,51,"Колготки женские эластичные, шт.",nonfood,True,exact,1.0,272,"Колготки женские эластичные, шт.",0.00127,99.31,-0.6899999999999977,-0.0008762999999999972
weekly_chain,2026-06-15 00:00:00,52,"Кроссовые туфли для детей, пара",nonfood,True,exact,1.0,319,"Кроссовые туфли для детей с верхом из искусственной кожи, пара",0.00156,98.76,-1.2399999999999949,-0.001934399999999992
weekly_chain,2026-06-15 00:00:00,53,"Кроссовые туфли для взрослых, пара",nonfood,True,exact,1.0,1032,"Кроссовые туфли для взрослых, пара",0.00518,98.96,-1.0400000000000063,-0.005387200000000032
weekly_chain,2026-06-15 00:00:00,54,"Мыло хозяйственное, 200 г",nonfood,True,exact,1.0,390,"Мыло хозяйственное, 200 г",0.00174,100.0,0.0,0.0
weekly_chain,2026-06-15 00:00:00,55,"Порошок стиральный, кг",nonfood,True,exact,1.0,508,"Порошок стиральный, кг",0.00342,102.45,2.450000000000003,0.00837900000000001
weekly_chain,2026-06-15 00:00:00,56,"Мыло туалетное, 100 г",nonfood,True,exact,1.0,389,"Мыло туалетное, 100 г",0.00099,99.54,-0.45999999999999375,-0.00045539999999999383
weekly_chain,2026-06-15 00:00:00,57,"Шампунь, 250 мл",nonfood,True,exact,1.0,726,"Шампунь, 250 мл",0.0019,100.67,0.6700000000000017,0.0012730000000000033
weekly_chain,2026-06-15 00:00:00,58,"Паста зубная, 100 г (100 мл)",nonfood,True,exact,1.0,457,"Паста зубная, 100 г (100 мл)",0.00191,100.0,0.0,0.0
weekly_chain,2026-06-15 00:00:00,59,"Щетка зубная, шт.",nonfood,True,exact,1.0,735,"Щетка зубная, шт.",0.00174,100.0,0.0,0.0
weekly_chain,2026-06-15 00:00:00,6,"Колбаса полукопченая и варено-копченая, кг",food,True,exact,1.0,266,"Колбаса полукопченая и варено-копченая, кг",0.00298,100.0,0.0,0.0
weekly_chain,2026-06-15 00:00:00,60,"Сигареты с фильтром, пачка",nonfood,True,exact,1.0,1046,"Сигареты с фильтром, пачка",0.0086599999999999,100.0,0.0,0.0
weekly_chain,2026-06-15 00:00:00,61,"Спички, коробок",nonfood,True,exact,1.0,601,"Спички, коробок",0.00059,100.0,0.0,0.0
weekly_chain,2026-06-15 00:00:00,62,"Электропылесос напольный, шт.",nonfood,True,exact,1.0,741,"Электропылесос напольный, шт.",0.00185,99.68,-0.3199999999999932,-0.0005919999999999874
weekly_chain,2026-06-15 00:00:00,63,"Бумага туалетная, рулон",nonfood,True,exact,1.0,147,"Бумага туалетная, рулон",0.00099,100.2,0.20000000000000284,0.0001980000000000028
weekly_chain,2026-06-15 00:00:00,64,"Прокладки женские гигиенические, 10 шт.",nonfood,True,exact,1.0,984,"Прокладки женские гигиенические, 10 шт.",0.00108,99.55,-0.45000000000000284,-0.0004860000000000031
weekly_chain,2026-06-15 00:00:00,65,"Подгузники детские бумажные, 10 шт.",nonfood,True,exact,1.0,488,"Подгузники детские бумажные (памперсы), 10 шт.",0.00114,99.62,-0.37999999999999545,-0.0004331999999999948
weekly_chain,2026-06-15 00:00:00,66,"Телевизор, шт.",nonfood,False,unmatched,0.46153846153846156,,,,99.52,-0.480000000000004,
weekly_chain,2026-06-15 00:00:00,67,"Смартфон, шт.",nonfood,True,exact,1.0,585,"Смартфон, шт.",0.00625,99.54,-0.45999999999999375,-0.002874999999999961
weekly_chain,2026-06-15 00:00:00,68,"Доска обрезная, м3",nonfood,True,exact,1.0,213,"Доска обрезная, м3",0.00153,100.0,0.0,0.0
weekly_chain,2026-06-15 00:00:00,69,"Плиты древесностружечные, ориентированно-стружечные, м2",nonfood,True,exact,1.0,486,"Плиты древесностружечные, ориентированно-стружечные, м2",0.0008899999999999,100.0,0.0,0.0
weekly_chain,2026-06-15 00:00:00,7,"Колбаса вареная, кг",food,True,exact,1.0,265,"Колбаса вареная, кг",0.00464,98.96,-1.0400000000000063,-0.004825600000000029
weekly_chain,2026-06-15 00:00:00,70,"Дизельное топливо, л",nonfood,True,exact,1.0,209,"Дизельное топливо, л",0.00286,102.47,2.469999999999999,0.007064199999999997
weekly_chain,2026-06-15 00:00:00,71,Бензин автомобильный,nonfood,False,unmatched,0.7692307692307693,,,,103.74,3.739999999999995,
weekly_chain,2026-06-15 00:00:00,72,"Бензин автомобильный марки АИ-92, л",nonfood,True,exact,1.0,130,"Бензин автомобильный марки АИ-92, л",0.01023,102.5,2.5,0.025575
weekly_chain,2026-06-15 00:00:00,73,"Бензин автомобильный марки АИ-95, л",nonfood,True,exact,1.0,131,"Бензин автомобильный марки АИ-95, л",0.01543,104.59,4.590000000000003,0.07082370000000004
weekly_chain,2026-06-15 00:00:00,74,"Бензин автомобильный марки АИ-98 и выше, л",nonfood,True,exact,1.0,132,"Бензин автомобильный марки АИ-98, л",0.00117,103.42,3.4200000000000017,0.004001400000000002
weekly_chain,2026-06-15 00:00:00,78,"Корвалол, 25 мл",nonfood,True,exact,1.0,302,"Корвалол, 25 мл",0.00039,100.2,0.20000000000000284,7.800000000000111e-05
weekly_chain,2026-06-15 00:00:00,79,"Левомеколь, мазь, 40 г",nonfood,True,exact,1.0,337,"Левомеколь, мазь, 40 г",0.00041,99.17,-0.8299999999999983,-0.00034029999999999927
weekly_chain,2026-06-15 00:00:00,8,"Консервы мясные для детского питания, кг",food,True,exact,1.0,285,"Консервы мясные для детского питания, кг",3e-05,98.97,-1.0300000000000011,-3.090000000000003e-05
weekly_chain,2026-06-15 00:00:00,80,"Валидол, 60 мг, 10 таблеток",nonfood,True,exact,1.0,150,"Валидол, 60 мг, 10 таблеток",0.00032,98.67,-1.3299999999999983,-0.0004255999999999995
weekly_chain,2026-06-15 00:00:00,82,"Ренгалин, 20 таблеток",nonfood,True,exact,1.0,1045,"Ренгалин, 20 таблеток",0.0004,101.26,1.2600000000000051,0.0005040000000000021
weekly_chain,2026-06-15 00:00:00,85,"Сухие корма для домашних животных, кг",nonfood,True,exact,1.0,616,"Сухие корма для домашних животных, кг",0.00104,100.0,0.0,0.0
weekly_chain,2026-06-15 00:00:00,86,"Ремонт телевизоров, один вид работ",services,True,fuzzy,0.9850746268656716,543,"Ремонт  телевизоров, один вид работы",0.00037,100.0,0.0,0.0
weekly_chain,2026-06-15 00:00:00,87,"Мойка легкового автомобиля, услуга",services,True,exact,1.0,375,"Мойка легкового автомобиля, услуга",0.00529,100.0,0.0,0.0
weekly_chain,2026-06-15 00:00:00,88,"Стрижка модельная в женском зале, стрижка",services,True,exact,1.0,608,"Стрижка модельная в женском зале, стрижка",0.00549,100.0,0.0,0.0
weekly_chain,2026-06-15 00:00:00,89,"Стрижка модельная в мужском зале, стрижка",services,True,exact,1.0,609,"Стрижка модельная в мужском зале, стрижка",0.0051,100.0,0.0,0.0
weekly_chain,2026-06-15 00:00:00,9,"Рыба мороженая неразделанная, кг",food,True,exact,1.0,558,"Рыба мороженая неразделанная, кг",0.00303,100.36,0.35999999999999943,0.0010907999999999983
weekly_chain,2026-06-15 00:00:00,90,"Проезд в городском автобусе, поездка",services,True,exact,1.0,525,"Проезд в городском автобусе,поездка",0.00185,100.0,0.0,0.0
weekly_chain,2026-06-15 00:00:00,91,"Проезд в троллейбусе, поездка",services,True,exact,1.0,533,"Проезд в троллейбусе, поездка",0.0001,100.0,0.0,0.0
weekly_chain,2026-06-15 00:00:00,93,"Плата за жилье в домах государственного и муниципального жилищных фондов, м2 общей площади",services,True,exact,1.0,400,"Наём жилых помещений в государственном и муниципальном жилищных фондах, м2 общей площади",0.00012,100.0,0.0,0.0
weekly_chain,2026-06-15 00:00:00,94,"Отопление, Гкал",services,True,exact,1.0,448,"Отопление, Гкал",0.00924,100.0,0.0,0.0
weekly_chain,2026-06-15 00:00:00,95,"Водоснабжение холодное, м3",services,True,exact,1.0,174,"Водоснабжение холодное, м3",0.0053,100.0,0.0,0.0
weekly_chain,2026-06-15 00:00:00,96,"Водоотведение, м3",services,True,exact,1.0,172,"Водоотведение, м3",0.00325,100.0,0.0,0.0
weekly_chain,2026-06-15 00:00:00,97,"Водоснабжение горячее, м3",services,True,exact,1.0,173,"Водоснабжение горячее, м3",0.00592,100.0,0.0,0.0
weekly_chain,2026-06-15 00:00:00,98,Услуги по снабжению электроэнергией,services,True,exact,1.0,744+745+746+747,"Электроэнергия в квартирах без электроплит сверх минимального объема потребления, в расчете за 100 кВт.ч + Электроэнергия в квартирах без электроплит за минимальный объем потребления, в расчете за 100 кВт.ч + Электроэнергия в квартирах с электроплитами за минимальный объем потребления, в расчете за 100 кВт.ч + Электроэнергия в квартирах с электроплитами сверх минимального объема потребления, в расчете за 100 кВт.ч",0.01142,100.0,0.0,0.0
weekly_chain,2026-06-15 00:00:00,99,"Проживание в гостинице 1* или в мотеле, сутки с человека",services,True,exact,1.0,1004,"Проживание в гостинице 1* или в мотеле, сутки с человека",5e-05,100.0,0.0,0.0
weekly_chain,2026-06-22 00:00:00,1,"Говядина (кроме бескостного мяса), кг",food,True,exact,1.0,195,"Говядина (кроме бескостного мяса), кг",0.01634,100.1,0.09999999999999432,0.0016339999999999072
weekly_chain,2026-06-22 00:00:00,10,"Масло сливочное, кг",food,True,exact,1.0,360,"Масло сливочное, кг",0.00872,100.16,0.1599999999999966,0.0013951999999999704
weekly_chain,2026-06-22 00:00:00,100,"Проживание в гостинице 2*, сутки с человека",services,True,exact,1.0,1005,"Проживание в гостинице 2*, сутки с человека",4e-05,100.0,0.0,0.0
weekly_chain,2026-06-22 00:00:00,101,"Проживание в гостинице 3*, сутки с человека",services,True,exact,1.0,1006,"Проживание в гостинице 3*, сутки с человека",0.00075,100.0,0.0,0.0
weekly_chain,2026-06-22 00:00:00,102,"Проживание в гостинице 4*-5*, сутки с человека",services,True,exact,1.0,1007,"Проживание в гостинице 4*-5*, сутки с человека",0.00067,104.08,4.079999999999998,0.002733599999999999
weekly_chain,2026-06-22 00:00:00,103,"Проживание в хостеле, сутки с человека",services,True,exact,1.0,1008,"Проживание в хостеле, сутки с человека",0.00061,100.0,0.0,0.0
weekly_chain,2026-06-22 00:00:00,104,"Санаторий, день",services,True,exact,1.0,565,"Санаторий, день",0.001,100.0,0.0,0.0
weekly_chain,2026-06-22 00:00:00,105,"Легковой автомобиль иностранной марки новый, шт.",nonfood,True,exact,1.0,339,"Легковой автомобиль иностранной марки новый, шт.",0.00959,100.0,0.0,0.0
weekly_chain,2026-06-22 00:00:00,106,"Легковой автомобиль отечественный новый, шт.",nonfood,True,exact,1.0,340,"Легковой автомобиль отечественный новый, шт.",0.00753,100.0,0.0,0.0
weekly_chain,2026-06-22 00:00:00,107,"Дом отдыха, пансионат, день",services,True,exact,1.0,210,"Дом отдыха, пансионат, день",0.00177,100.0,0.0,0.0
weekly_chain,2026-06-22 00:00:00,108,"Восстановление зуба пломбой, услуга",services,True,exact,1.0,342,"Лечение кариеса, пломба",0.00221,100.75,0.75,0.0016575000000000001
weekly_chain,2026-06-22 00:00:00,109,"Метамизол натрия (Анальгин отечественный), 10 таблеток",nonfood,True,exact,1.0,370,"Метамизол натрия (Анальгин отечественный), 500 мг, 10 таблеток",0.00036,99.89,-0.10999999999999943,-3.95999999999998e-05
weekly_chain,2026-06-22 00:00:00,11,"Масло подсолнечное, л",food,True,exact,1.0,359,"Масло подсолнечное, кг",0.00543,100.0,0.0,0.0
weekly_chain,2026-06-22 00:00:00,110,"Пенталгин, 24 таблетки",nonfood,True,exact,1.0,1099,"Пенталгин, 24 таблетки",0.00035,99.09,-0.9099999999999966,-0.0003184999999999988
weekly_chain,2026-06-22 00:00:00,111,"Нимесулид, 10 таблеток",nonfood,True,exact,1.0,406,"Нимесулид, 100 мг, 10 таблеток",0.0004,100.08,0.0799999999999983,3.199999999999932e-05
weekly_chain,2026-06-22 00:00:00,112,"Трекрезан, 10 таблеток",nonfood,True,exact,1.0,1102,"Трекрезан, 10 таблеток",0.00032,100.0,0.0,0.0
weekly_chain,2026-06-22 00:00:00,113,"Активированный уголь, 10 таблеток",nonfood,True,exact,1.0,851,"Активированный уголь, 250 мг, 10 таблеток",0.00032,100.0,0.0,0.0
weekly_chain,2026-06-22 00:00:00,114,"Лизобакт, 10 таблеток",nonfood,True,exact,1.0,1096,"Лизобакт, 10 таблеток",0.00034,100.0,0.0,0.0
weekly_chain,2026-06-22 00:00:00,12,"Маргарин, кг",food,True,exact,1.0,357,"Маргарин, кг",0.0008,99.21,-0.7900000000000063,-0.0006320000000000051
weekly_chain,2026-06-22 00:00:00,13,"Молоко питьевое цельное пастеризованное 2,5-3,2% жирности, л",food,True,exact,1.0,378,"Молоко питьевое цельное пастеризованное 2,5-3,2% жирности, л",0.00302,100.0,0.0,0.0
weekly_chain,2026-06-22 00:00:00,14,"Молоко питьевое цельное ультрапастеризованное 2,5-3,2% жирности, л",food,True,fuzzy,0.9491525423728814,378,"Молоко питьевое цельное пастеризованное 2,5-3,2% жирности, л",0.00302,99.6,-0.4000000000000057,-0.0012080000000000172
weekly_chain,2026-06-22 00:00:00,15,"Сметана, кг",food,True,exact,1.0,588,"Сметана, кг",0.00748,101.21,1.2099999999999937,0.009050799999999953
weekly_chain,2026-06-22 00:00:00,16,"Творог, кг",food,True,exact,1.0,1049,"Творог, кг",0.00591,100.87,0.8700000000000045,0.005141700000000027
weekly_chain,2026-06-22 00:00:00,17,"Смеси сухие молочные для детского питания, кг",food,True,exact,1.0,587,"Смеси сухие молочные для детского питания, кг",0.00077,97.95,-2.049999999999997,-0.0015784999999999977
weekly_chain,2026-06-22 00:00:00,18,"Сыры твердые, полутвердые и мягкие, кг",food,True,exact,1.0,621,"Сыры твердые, полутвердые и мягкие, кг",0.00514,97.65,-2.3499999999999943,-0.01207899999999997
weekly_chain,2026-06-22 00:00:00,19,"Консервы овощные для детского питания, кг",food,True,exact,1.0,288,"Консервы овощные для детского питания, кг",8e-05,96.11,-3.8900000000000006,-0.0003112000000000001
weekly_chain,2026-06-22 00:00:00,2,"Свинина (кроме бескостного мяса), кг",food,True,exact,1.0,577,"Свинина (кроме бескостного мяса), кг",0.00481,100.06,0.060000000000002274,0.0002886000000000109
weekly_chain,2026-06-22 00:00:00,20,"Консервы фруктово-ягодные для детского питания, кг",food,True,exact,1.0,294,"Консервы фруктово-ягодные для детского питания, кг",9e-05,97.66,-2.3400000000000034,-0.00021060000000000032
weekly_chain,2026-06-22 00:00:00,21,"Яйца куриные, 10 шт.",food,True,exact,1.0,754,"Яйца куриные, 10 шт.",0.00543,92.92,-7.079999999999998,-0.03844439999999999
weekly_chain,2026-06-22 00:00:00,22,"Сахар-песок, кг",food,True,exact,1.0,572,"Сахар-песок, кг",0.00532,99.84,-0.1599999999999966,-0.0008511999999999819
weekly_chain,2026-06-22 00:00:00,23,"Печенье, кг",food,True,exact,1.0,470,"Печенье, кг",0.00549,96.4,-3.5999999999999943,-0.01976399999999997
weekly_chain,2026-06-22 00:00:00,24,"Чай черный байховый, кг",food,True,exact,1.0,717,"Чай черный байховый, кг",0.00269,100.17,0.1700000000000017,0.0004573000000000046
weekly_chain,2026-06-22 00:00:00,25,"Соль поваренная пищевая, кг",food,True,exact,1.0,593,"Соль поваренная пищевая, кг",0.00122,98.72,-1.2800000000000011,-0.0015616000000000013
weekly_chain,2026-06-22 00:00:00,26,"Мука пшеничная, кг",food,True,exact,1.0,388,"Мука пшеничная, кг",0.00424,100.79,0.7900000000000063,0.0033496000000000263
weekly_chain,2026-06-22 00:00:00,27,"Хлеб из ржаной муки и из смеси муки ржаной и пшеничной, кг",food,True,exact,1.0,710,"Хлеб из ржаной муки и из смеси муки ржаной и пшеничной, кг",0.00255,98.65,-1.3499999999999943,-0.003442499999999986
weekly_chain,2026-06-22 00:00:00,28,"Хлеб и булочные изделия из пшеничной муки различных сортов, кг",food,True,exact,1.0,1054,"Хлеб и булочные изделия из пшеничной муки различных сортов, кг",0.00735,100.0,0.0,0.0
weekly_chain,2026-06-22 00:00:00,29,"Рис шлифованный, кг",food,True,exact,1.0,552,"Рис шлифованный, кг",0.00479,98.49,-1.5100000000000051,-0.007232900000000025
weekly_chain,2026-06-22 00:00:00,3,"Баранина (кроме бескостного мяса), кг",food,True,exact,1.0,122,"Баранина (кроме бескостного мяса), кг",0.00651,97.95,-2.049999999999997,-0.013345499999999982
weekly_chain,2026-06-22 00:00:00,30,"Пшено, кг",food,True,exact,1.0,539,"Пшено, кг",0.00118,100.97,0.9699999999999989,0.0011445999999999987
weekly_chain,2026-06-22 00:00:00,31,"Крупа гречневая-ядрица, кг",food,True,exact,1.0,320,"Крупа гречневая-ядрица, кг",0.00337,100.0,0.0,0.0
weekly_chain,2026-06-22 00:00:00,32,"Вермишель, кг",food,True,exact,1.0,158,"Вермишель, кг",0.00142,100.5,0.5,0.00071
weekly_chain,2026-06-22 00:00:00,33,"Макаронные изделия из пшеничной муки высшего сорта, кг",food,True,exact,1.0,354,"Макаронные изделия из пшеничной муки высшего сорта, кг",0.00382,101.34,1.3400000000000034,0.005118800000000013
weekly_chain,2026-06-22 00:00:00,34,"Картофель, кг",food,True,exact,1.0,252,"Картофель, кг",0.00612,99.7,-0.29999999999999716,-0.0018359999999999824
weekly_chain,2026-06-22 00:00:00,35,"Капуста белокочанная свежая, кг",food,True,exact,1.0,249,"Капуста белокочанная свежая, кг",0.00236,103.48,3.480000000000004,0.00821280000000001
weekly_chain,2026-06-22 00:00:00,36,"Лук репчатый, кг",food,True,exact,1.0,349,"Лук репчатый, кг",0.00236,105.28,5.280000000000001,0.012460800000000003
weekly_chain,2026-06-22 00:00:00,37,"Свёкла столовая, кг",food,True,exact,1.0,574,"Свёкла столовая, кг",0.00077,99.86,-0.14000000000000057,-0.00010780000000000044
weekly_chain,2026-06-22 00:00:00,38,"Морковь, кг",food,True,exact,1.0,382,"Морковь, кг",0.0021,103.02,3.019999999999996,0.006341999999999991
weekly_chain,2026-06-22 00:00:00,39,"Огурцы свежие, кг",food,True,exact,1.0,435,"Огурцы свежие, кг",0.00468,93.6,-6.400000000000006,-0.029952000000000027
weekly_chain,2026-06-22 00:00:00,4,"Куры охлажденные и мороженые, кг",food,True,exact,1.0,333,"Куры охлажденные и мороженые, кг",0.00958,100.25,0.25,0.002395
weekly_chain,2026-06-22 00:00:00,40,"Помидоры свежие, кг",food,True,exact,1.0,506,"Помидоры свежие, кг",0.00574,100.59,0.5900000000000034,0.00338660000000002
weekly_chain,2026-06-22 00:00:00,41,"Яблоки, кг",food,True,exact,1.0,753,"Яблоки, кг",0.00515,101.79,1.7900000000000063,0.009218500000000032
weekly_chain,2026-06-22 00:00:00,42,"Бананы, кг",food,True,exact,1.0,121,"Бананы, кг",0.00418,100.8,0.7999999999999972,0.003343999999999988
weekly_chain,2026-06-22 00:00:00,43,"Водка, л",food,True,exact,1.0,171,"Водка, л",0.0033,100.0,0.0,0.0
weekly_chain,2026-06-22 00:00:00,44,"Обед в столовой, кафе, закусочной (кроме столовой в организации), на 1 человека",food,True,exact,1.0,413,"Обед в столовой, кафе, закусочной (кроме столовой в организации), на 1 человека",0.00697,100.0,0.0,0.0
weekly_chain,2026-06-22 00:00:00,45,"Брюки для детей школьного возраста из джинсовой ткани, шт.",nonfood,True,exact,1.0,141,"Брюки для детей школьного возраста из джинсовой ткани, шт.",0.00098,100.0,0.0,0.0
weekly_chain,2026-06-22 00:00:00,46,"Пеленки для новорожденных, шт.",nonfood,True,exact,1.0,458,"Пеленки для новорожденных, шт.",0.00019,100.0,0.0,0.0
weekly_chain,2026-06-22 00:00:00,47,"Костюм спортивный для детей школьного возраста, шт.",nonfood,True,exact,1.0,306,"Костюм спортивный для детей школьного возраста, шт.",0.00141,100.0,0.0,0.0
weekly_chain,2026-06-22 00:00:00,48,"Майка, футболка мужская бельевая, шт.",nonfood,True,exact,1.0,351,"Майка, футболка мужская бельевая, шт.",0.00151,100.0,0.0,0.0
weekly_chain,2026-06-22 00:00:00,49,"Футболка детская, шт.",nonfood,True,exact,1.0,703,"Футболка детская, шт.",0.00049,100.0,0.0,0.0
weekly_chain,2026-06-22 00:00:00,5,"Сосиски, сардельки, кг",food,True,exact,1.0,599,"Сосиски, сардельки, кг",0.00553,93.19,-6.810000000000002,-0.037659300000000014
weekly_chain,2026-06-22 00:00:00,50,"Носки мужские, пара",nonfood,True,exact,1.0,410,"Носки мужские, пара",0.00108,101.78,1.7800000000000011,0.0019224000000000012
weekly_chain,2026-06-22 00:00:00,51,"Колготки женские эластичные, шт.",nonfood,True,exact,1.0,272,"Колготки женские эластичные, шт.",0.00127,100.7,0.7000000000000028,0.0008890000000000036
weekly_chain,2026-06-22 00:00:00,52,"Кроссовые туфли для детей, пара",nonfood,True,exact,1.0,319,"Кроссовые туфли для детей с верхом из искусственной кожи, пара",0.00156,100.07,0.06999999999999318,0.00010919999999998936
weekly_chain,2026-06-22 00:00:00,53,"Кроссовые туфли для взрослых, пара",nonfood,True,exact,1.0,1032,"Кроссовые туфли для взрослых, пара",0.00518,101.1,1.0999999999999943,0.0056979999999999704
weekly_chain,2026-06-22 00:00:00,54,"Мыло хозяйственное, 200 г",nonfood,True,exact,1.0,390,"Мыло хозяйственное, 200 г",0.00174,98.93,-1.0699999999999932,-0.0018617999999999881
weekly_chain,2026-06-22 00:00:00,55,"Порошок стиральный, кг",nonfood,True,exact,1.0,508,"Порошок стиральный, кг",0.00342,100.11,0.10999999999999943,0.00037619999999999803
weekly_chain,2026-06-22 00:00:00,56,"Мыло туалетное, 100 г",nonfood,True,exact,1.0,389,"Мыло туалетное, 100 г",0.00099,100.0,0.0,0.0
weekly_chain,2026-06-22 00:00:00,57,"Шампунь, 250 мл",nonfood,True,exact,1.0,726,"Шампунь, 250 мл",0.0019,100.0,0.0,0.0
weekly_chain,2026-06-22 00:00:00,58,"Паста зубная, 100 г (100 мл)",nonfood,True,exact,1.0,457,"Паста зубная, 100 г (100 мл)",0.00191,100.0,0.0,0.0
weekly_chain,2026-06-22 00:00:00,59,"Щетка зубная, шт.",nonfood,True,exact,1.0,735,"Щетка зубная, шт.",0.00174,102.14,2.1400000000000006,0.003723600000000001
weekly_chain,2026-06-22 00:00:00,6,"Колбаса полукопченая и варено-копченая, кг",food,True,exact,1.0,266,"Колбаса полукопченая и варено-копченая, кг",0.00298,100.38,0.37999999999999545,0.0011323999999999865
weekly_chain,2026-06-22 00:00:00,60,"Сигареты с фильтром, пачка",nonfood,True,exact,1.0,1046,"Сигареты с фильтром, пачка",0.0086599999999999,100.0,0.0,0.0
weekly_chain,2026-06-22 00:00:00,61,"Спички, коробок",nonfood,True,exact,1.0,601,"Спички, коробок",0.00059,100.0,0.0,0.0
weekly_chain,2026-06-22 00:00:00,62,"Электропылесос напольный, шт.",nonfood,True,exact,1.0,741,"Электропылесос напольный, шт.",0.00185,98.43,-1.5699999999999932,-0.0029044999999999874
weekly_chain,2026-06-22 00:00:00,63,"Бумага туалетная, рулон",nonfood,True,exact,1.0,147,"Бумага туалетная, рулон",0.00099,99.73,-0.269999999999996,-0.00026729999999999603
weekly_chain,2026-06-22 00:00:00,64,"Прокладки женские гигиенические, 10 шт.",nonfood,True,exact,1.0,984,"Прокладки женские гигиенические, 10 шт.",0.00108,100.61,0.6099999999999994,0.0006587999999999994
weekly_chain,2026-06-22 00:00:00,65,"Подгузники детские бумажные, 10 шт.",nonfood,True,exact,1.0,488,"Подгузники детские бумажные (памперсы), 10 шт.",0.00114,100.0,0.0,0.0
weekly_chain,2026-06-22 00:00:00,66,"Телевизор, шт.",nonfood,False,unmatched,0.46153846153846156,,,,99.31,-0.6899999999999977,
weekly_chain,2026-06-22 00:00:00,67,"Смартфон, шт.",nonfood,True,exact,1.0,585,"Смартфон, шт.",0.00625,100.69,0.6899999999999977,0.004312499999999986
weekly_chain,2026-06-22 00:00:00,68,"Доска обрезная, м3",nonfood,True,exact,1.0,213,"Доска обрезная, м3",0.00153,100.0,0.0,0.0
weekly_chain,2026-06-22 00:00:00,69,"Плиты древесностружечные, ориентированно-стружечные, м2",nonfood,True,exact,1.0,486,"Плиты древесностружечные, ориентированно-стружечные, м2",0.0008899999999999,99.73,-0.269999999999996,-0.00024029999999996947
weekly_chain,2026-06-22 00:00:00,7,"Колбаса вареная, кг",food,True,exact,1.0,265,"Колбаса вареная, кг",0.00464,100.08,0.0799999999999983,0.0003711999999999921
weekly_chain,2026-06-22 00:00:00,70,"Дизельное топливо, л",nonfood,True,exact,1.0,209,"Дизельное топливо, л",0.00286,109.7,9.700000000000003,0.02774200000000001
weekly_chain,2026-06-22 00:00:00,71,Бензин автомобильный,nonfood,False,unmatched,0.7692307692307693,,,,112.24,12.239999999999995,
weekly_chain,2026-06-22 00:00:00,72,"Бензин автомобильный марки АИ-92, л",nonfood,True,exact,1.0,130,"Бензин автомобильный марки АИ-92, л",0.01023,113.72,13.719999999999999,0.14035559999999997
weekly_chain,2026-06-22 00:00:00,73,"Бензин автомобильный марки АИ-95, л",nonfood,True,exact,1.0,131,"Бензин автомобильный марки АИ-95, л",0.01543,112.03,12.030000000000001,0.1856229
weekly_chain,2026-06-22 00:00:00,74,"Бензин автомобильный марки АИ-98 и выше, л",nonfood,True,exact,1.0,132,"Бензин автомобильный марки АИ-98, л",0.00117,102.12,2.1200000000000045,0.0024804000000000054
weekly_chain,2026-06-22 00:00:00,78,"Корвалол, 25 мл",nonfood,True,exact,1.0,302,"Корвалол, 25 мл",0.00039,100.0,0.0,0.0
weekly_chain,2026-06-22 00:00:00,79,"Левомеколь, мазь, 40 г",nonfood,True,exact,1.0,337,"Левомеколь, мазь, 40 г",0.00041,99.91,-0.09000000000000341,-3.69000000000014e-05
weekly_chain,2026-06-22 00:00:00,8,"Консервы мясные для детского питания, кг",food,True,exact,1.0,285,"Консервы мясные для детского питания, кг",3e-05,100.0,0.0,0.0
weekly_chain,2026-06-22 00:00:00,80,"Валидол, 60 мг, 10 таблеток",nonfood,True,exact,1.0,150,"Валидол, 60 мг, 10 таблеток",0.00032,96.37,-3.6299999999999955,-0.0011615999999999987
weekly_chain,2026-06-22 00:00:00,82,"Ренгалин, 20 таблеток",nonfood,True,exact,1.0,1045,"Ренгалин, 20 таблеток",0.0004,100.88,0.8799999999999955,0.0003519999999999982
weekly_chain,2026-06-22 00:00:00,85,"Сухие корма для домашних животных, кг",nonfood,True,exact,1.0,616,"Сухие корма для домашних животных, кг",0.00104,100.0,0.0,0.0
weekly_chain,2026-06-22 00:00:00,86,"Ремонт телевизоров, один вид работ",services,True,fuzzy,0.9850746268656716,543,"Ремонт  телевизоров, один вид работы",0.00037,100.0,0.0,0.0
weekly_chain,2026-06-22 00:00:00,87,"Мойка легкового автомобиля, услуга",services,True,exact,1.0,375,"Мойка легкового автомобиля, услуга",0.00529,100.0,0.0,0.0
weekly_chain,2026-06-22 00:00:00,88,"Стрижка модельная в женском зале, стрижка",services,True,exact,1.0,608,"Стрижка модельная в женском зале, стрижка",0.00549,100.0,0.0,0.0
weekly_chain,2026-06-22 00:00:00,89,"Стрижка модельная в мужском зале, стрижка",services,True,exact,1.0,609,"Стрижка модельная в мужском зале, стрижка",0.0051,100.0,0.0,0.0
weekly_chain,2026-06-22 00:00:00,9,"Рыба мороженая неразделанная, кг",food,True,exact,1.0,558,"Рыба мороженая неразделанная, кг",0.00303,99.84,-0.1599999999999966,-0.00048479999999998967
weekly_chain,2026-06-22 00:00:00,90,"Проезд в городском автобусе, поездка",services,True,exact,1.0,525,"Проезд в городском автобусе,поездка",0.00185,100.0,0.0,0.0
weekly_chain,2026-06-22 00:00:00,91,"Проезд в троллейбусе, поездка",services,True,exact,1.0,533,"Проезд в троллейбусе, поездка",0.0001,100.0,0.0,0.0
weekly_chain,2026-06-22 00:00:00,93,"Плата за жилье в домах государственного и муниципального жилищных фондов, м2 общей площади",services,True,exact,1.0,400,"Наём жилых помещений в государственном и муниципальном жилищных фондах, м2 общей площади",0.00012,101.16,1.1599999999999966,0.0001391999999999996
weekly_chain,2026-06-22 00:00:00,94,"Отопление, Гкал",services,True,exact,1.0,448,"Отопление, Гкал",0.00924,100.0,0.0,0.0
weekly_chain,2026-06-22 00:00:00,95,"Водоснабжение холодное, м3",services,True,exact,1.0,174,"Водоснабжение холодное, м3",0.0053,100.0,0.0,0.0
weekly_chain,2026-06-22 00:00:00,96,"Водоотведение, м3",services,True,exact,1.0,172,"Водоотведение, м3",0.00325,100.0,0.0,0.0
weekly_chain,2026-06-22 00:00:00,97,"Водоснабжение горячее, м3",services,True,exact,1.0,173,"Водоснабжение горячее, м3",0.00592,100.0,0.0,0.0
weekly_chain,2026-06-22 00:00:00,98,Услуги по снабжению электроэнергией,services,True,exact,1.0,744+745+746+747,"Электроэнергия в квартирах без электроплит сверх минимального объема потребления, в расчете за 100 кВт.ч + Электроэнергия в квартирах без электроплит за минимальный объем потребления, в расчете за 100 кВт.ч + Электроэнергия в квартирах с электроплитами за минимальный объем потребления, в расчете за 100 кВт.ч + Электроэнергия в квартирах с электроплитами сверх минимального объема потребления, в расчете за 100 кВт.ч",0.01142,100.0,0.0,0.0
weekly_chain,2026-06-22 00:00:00,99,"Проживание в гостинице 1* или в мотеле, сутки с человека",services,True,exact,1.0,1004,"Проживание в гостинице 1* или в мотеле, сутки с человека",5e-05,100.0,0.0,0.0
month_end_bridge,2026-06-22,1,"Говядина (кроме бескостного мяса), кг",food,True,exact,1.0,195,"Говядина (кроме бескостного мяса), кг",0.01634,100.10071440081644,0.10071440081644312,0.0016456733093406805
month_end_bridge,2026-06-22,10,"Масло сливочное, кг",food,True,exact,1.0,360,"Масло сливочное, кг",0.00872,97.28899300604333,-2.7110069939566728,-0.023639980987302186
month_end_bridge,2026-06-22,100,"Проживание в гостинице 2*, сутки с человека",services,True,exact,1.0,1005,"Проживание в гостинице 2*, сутки с человека",4e-05,100.0,0.0,0.0
month_end_bridge,2026-06-22,101,"Проживание в гостинице 3*, сутки с человека",services,True,exact,1.0,1006,"Проживание в гостинице 3*, сутки с человека",0.00075,100.0,0.0,0.0
month_end_bridge,2026-06-22,102,"Проживание в гостинице 4*-5*, сутки с человека",services,True,exact,1.0,1007,"Проживание в гостинице 4*-5*, сутки с человека",0.00067,100.48693325750916,0.4869332575091647,0.0003262452825311404
month_end_bridge,2026-06-22,103,"Проживание в хостеле, сутки с человека",services,True,exact,1.0,1008,"Проживание в хостеле, сутки с человека",0.00061,100.0,0.0,0.0
month_end_bridge,2026-06-22,104,"Санаторий, день",services,True,exact,1.0,565,"Санаторий, день",0.001,100.0,0.0,0.0
month_end_bridge,2026-06-22,105,"Легковой автомобиль иностранной марки новый, шт.",nonfood,True,exact,1.0,339,"Легковой автомобиль иностранной марки новый, шт.",0.00959,101.50519798149465,1.5051979814946463,0.014434848642533658
month_end_bridge,2026-06-22,106,"Легковой автомобиль отечественный новый, шт.",nonfood,True,exact,1.0,340,"Легковой автомобиль отечественный новый, шт.",0.00753,100.0,0.0,0.0
month_end_bridge,2026-06-22,107,"Дом отдыха, пансионат, день",services,True,exact,1.0,210,"Дом отдыха, пансионат, день",0.00177,100.0,0.0,0.0
month_end_bridge,2026-06-22,108,"Восстановление зуба пломбой, услуга",services,True,exact,1.0,342,"Лечение кариеса, пломба",0.00221,100.623103616492,0.6231036164920027,0.0013770589924473262
month_end_bridge,2026-06-22,109,"Метамизол натрия (Анальгин отечественный), 10 таблеток",nonfood,True,exact,1.0,370,"Метамизол натрия (Анальгин отечественный), 500 мг, 10 таблеток",0.00036,100.12907389480479,0.12907389480479026,4.64666021297245e-05
month_end_bridge,2026-06-22,11,"Масло подсолнечное, л",food,True,exact,1.0,359,"Масло подсолнечное, кг",0.00543,102.46598134173155,2.465981341731549,0.013390278685602311
month_end_bridge,2026-06-22,110,"Пенталгин, 24 таблетки",nonfood,True,exact,1.0,1099,"Пенталгин, 24 таблетки",0.00035,100.75456444115072,0.7545644411507197,0.0002640975544027519
month_end_bridge,2026-06-22,111,"Нимесулид, 10 таблеток",nonfood,True,exact,1.0,406,"Нимесулид, 100 мг, 10 таблеток",0.0004,100.99837763634096,0.9983776363409618,0.00039935105453638473
month_end_bridge,2026-06-22,112,"Трекрезан, 10 таблеток",nonfood,True,exact,1.0,1102,"Трекрезан, 10 таблеток",0.00032,100.0,0.0,0.0
month_end_bridge,2026-06-22,113,"Активированный уголь, 10 таблеток",nonfood,True,exact,1.0,851,"Активированный уголь, 250 мг, 10 таблеток",0.00032,106.15640599001664,6.156405990016637,0.001970049916805324
month_end_bridge,2026-06-22,114,"Лизобакт, 10 таблеток",nonfood,True,exact,1.0,1096,"Лизобакт, 10 таблеток",0.00034,100.0,0.0,0.0
month_end_bridge,2026-06-22,12,"Маргарин, кг",food,True,exact,1.0,357,"Маргарин, кг",0.0008,102.29999667630538,2.2999966763053834,0.0018399973410443068
month_end_bridge,2026-06-22,13,"Молоко питьевое цельное пастеризованное 2,5-3,2% жирности, л",food,True,exact,1.0,378,"Молоко питьевое цельное пастеризованное 2,5-3,2% жирности, л",0.00302,98.26124288934206,-1.738757110657943,-0.005251046474186988
month_end_bridge,2026-06-22,14,"Молоко питьевое цельное ультрапастеризованное 2,5-3,2% жирности, л",food,True,fuzzy,0.9491525423728814,378,"Молоко питьевое цельное пастеризованное 2,5-3,2% жирности, л",0.00302,100.81203219884199,0.8120321988419903,0.002452337240502811
month_end_bridge,2026-06-22,15,"Сметана, кг",food,True,exact,1.0,588,"Сметана, кг",0.00748,99.98272671190624,-0.017273288093761607,-0.00012920419494133681
month_end_bridge,2026-06-22,16,"Творог, кг",food,True,exact,1.0,1049,"Творог, кг",0.00591,102.09569623247836,2.0956962324783603,0.01238556473394711
month_end_bridge,2026-06-22,17,"Смеси сухие молочные для детского питания, кг",food,True,exact,1.0,587,"Смеси сухие молочные для детского питания, кг",0.00077,100.3931385165887,0.39313851658870647,0.00030271665777330394
month_end_bridge,2026-06-22,18,"Сыры твердые, полутвердые и мягкие, кг",food,True,exact,1.0,621,"Сыры твердые, полутвердые и мягкие, кг",0.00514,97.04855087548864,-2.951449124511356,-0.01517044849998837
month_end_bridge,2026-06-22,19,"Консервы овощные для детского питания, кг",food,True,exact,1.0,288,"Консервы овощные для детского питания, кг",8e-05,99.84748287161156,-0.152517128388439,-1.2201370271075122e-05
month_end_bridge,2026-06-22,2,"Свинина (кроме бескостного мяса), кг",food,True,exact,1.0,577,"Свинина (кроме бескостного мяса), кг",0.00481,98.75499463989864,-1.2450053601013593,-0.005988475782087538
month_end_bridge,2026-06-22,20,"Консервы фруктово-ягодные для детского питания, кг",food,True,exact,1.0,294,"Консервы фруктово-ягодные для детского питания, кг",9e-05,96.75023617469662,-3.2497638253033756,-0.00029247874427730384
month_end_bridge,2026-06-22,21,"Яйца куриные, 10 шт.",food,True,exact,1.0,754,"Яйца куриные, 10 шт.",0.00543,82.94925644227493,-17.05074355772507,-0.09258553751844713
month_end_bridge,2026-06-22,22,"Сахар-песок, кг",food,True,exact,1.0,572,"Сахар-песок, кг",0.00532,100.66775688198419,0.6677568819841895,0.0035524666121558883
month_end_bridge,2026-06-22,23,"Печенье, кг",food,True,exact,1.0,470,"Печенье, кг",0.00549,93.93056259503294,-6.069437404967061,-0.03332121135326917
month_end_bridge,2026-06-22,24,"Чай черный байховый, кг",food,True,exact,1.0,717,"Чай черный байховый, кг",0.00269,101.1403404356624,1.1403404356623952,0.0030675157719318434
month_end_bridge,2026-06-22,25,"Соль поваренная пищевая, кг",food,True,exact,1.0,593,"Соль поваренная пищевая, кг",0.00122,98.72712808273667,-1.2728719172633305,-0.0015529037390612632
month_end_bridge,2026-06-22,26,"Мука пшеничная, кг",food,True,exact,1.0,388,"Мука пшеничная, кг",0.00424,100.63346823860637,0.633468238606369,0.0026859053316910047
month_end_bridge,2026-06-22,27,"Хлеб из ржаной муки и из смеси муки ржаной и пшеничной, кг",food,True,exact,1.0,710,"Хлеб из ржаной муки и из смеси муки ржаной и пшеничной, кг",0.00255,100.2681264663166,0.26812646631660186,0.0006837224891073348
month_end_bridge,2026-06-22,28,"Хлеб и булочные изделия из пшеничной муки различных сортов, кг",food,True,exact,1.0,1054,"Хлеб и булочные изделия из пшеничной муки различных сортов, кг",0.00735,100.01096371011951,0.010963710119511916,8.058326937841257e-05
month_end_bridge,2026-06-22,29,"Рис шлифованный, кг",food,True,exact,1.0,552,"Рис шлифованный, кг",0.00479,98.57529936194389,-1.424700638056109,-0.006824316056288761
month_end_bridge,2026-06-22,3,"Баранина (кроме бескостного мяса), кг",food,True,exact,1.0,122,"Баранина (кроме бескостного мяса), кг",0.00651,100.0,0.0,0.0
month_end_bridge,2026-06-22,30,"Пшено, кг",food,True,exact,1.0,539,"Пшено, кг",0.00118,98.85280095351607,-1.1471990464839337,-0.0013536948748510418
month_end_bridge,2026-06-22,31,"Крупа гречневая-ядрица, кг",food,True,exact,1.0,320,"Крупа гречневая-ядрица, кг",0.00337,101.11244019138756,1.112440191387563,0.0037489234449760876
month_end_bridge,2026-06-22,32,"Вермишель, кг",food,True,exact,1.0,158,"Вермишель, кг",0.00142,100.81203725818008,0.8120372581800837,0.0011530929066157188
month_end_bridge,2026-06-22,33,"Макаронные изделия из пшеничной муки высшего сорта, кг",food,True,exact,1.0,354,"Макаронные изделия из пшеничной муки высшего сорта, кг",0.00382,100.77618628470833,0.7761862847083307,0.0029650316075858236
month_end_bridge,2026-06-22,34,"Картофель, кг",food,True,exact,1.0,252,"Картофель, кг",0.00612,114.11625148279954,14.116251482799541,0.08639145907473318
month_end_bridge,2026-06-22,35,"Капуста белокочанная свежая, кг",food,True,exact,1.0,249,"Капуста белокочанная свежая, кг",0.00236,101.437412657217,1.4374126572169956,0.00339229387103211
month_end_bridge,2026-06-22,36,"Лук репчатый, кг",food,True,exact,1.0,349,"Лук репчатый, кг",0.00236,142.4813678211311,42.4813678211311,0.1002560280578694
month_end_bridge,2026-06-22,37,"Свёкла столовая, кг",food,True,exact,1.0,574,"Свёкла столовая, кг",0.00077,103.95159298592245,3.9515929859224457,0.003042726599160283
month_end_bridge,2026-06-22,38,"Морковь, кг",food,True,exact,1.0,382,"Морковь, кг",0.0021,103.05555555555554,3.055555555555543,0.00641666666666664
month_end_bridge,2026-06-22,39,"Огурцы свежие, кг",food,True,exact,1.0,435,"Огурцы свежие, кг",0.00468,98.97674418604652,-1.023255813953483,-0.004788837209302301
month_end_bridge,2026-06-22,4,"Куры охлажденные и мороженые, кг",food,True,exact,1.0,333,"Куры охлажденные и мороженые, кг",0.00958,102.16641368842281,2.166413688422807,0.020754243135090493
month_end_bridge,2026-06-22,40,"Помидоры свежие, кг",food,True,exact,1.0,506,"Помидоры свежие, кг",0.00574,94.38890680425669,-5.611093195743308,-0.03220767494356659
month_end_bridge,2026-06-22,41,"Яблоки, кг",food,True,exact,1.0,753,"Яблоки, кг",0.00515,96.46831478643301,-3.5316852135669876,-0.018188178849869986
month_end_bridge,2026-06-22,42,"Бананы, кг",food,True,exact,1.0,121,"Бананы, кг",0.00418,96.55972984381597,-3.4402701561840274,-0.014380329252849234
month_end_bridge,2026-06-22,43,"Водка, л",food,True,exact,1.0,171,"Водка, л",0.0033,104.1440593800638,4.144059380063794,0.013675395954210521
month_end_bridge,2026-06-22,44,"Обед в столовой, кафе, закусочной (кроме столовой в организации), на 1 человека",food,True,exact,1.0,413,"Обед в столовой, кафе, закусочной (кроме столовой в организации), на 1 человека",0.00697,100.0,0.0,0.0
month_end_bridge,2026-06-22,45,"Брюки для детей школьного возраста из джинсовой ткани, шт.",nonfood,True,exact,1.0,141,"Брюки для детей школьного возраста из джинсовой ткани, шт.",0.00098,100.23601349186906,0.23601349186905907,0.00023129322203167788
month_end_bridge,2026-06-22,46,"Пеленки для новорожденных, шт.",nonfood,True,exact,1.0,458,"Пеленки для новорожденных, шт.",0.00019,101.15328516671754,1.153285166717538,0.00021912418167633222
month_end_bridge,2026-06-22,47,"Костюм спортивный для детей школьного возраста, шт.",nonfood,True,exact,1.0,306,"Костюм спортивный для детей школьного возраста, шт.",0.00141,100.1609895453777,0.16098954537770283,0.00022699525898256097
month_end_bridge,2026-06-22,48,"Майка, футболка мужская бельевая, шт.",nonfood,True,exact,1.0,351,"Майка, футболка мужская бельевая, шт.",0.00151,102.41384982317625,2.4138498231762497,0.003644913232996137
month_end_bridge,2026-06-22,49,"Футболка детская, шт.",nonfood,True,exact,1.0,703,"Футболка детская, шт.",0.00049,98.48340258100508,-1.5165974189949196,-0.0007431327353075106
month_end_bridge,2026-06-22,5,"Сосиски, сардельки, кг",food,True,exact,1.0,599,"Сосиски, сардельки, кг",0.00553,100.45116128510156,0.4511612851015627,0.002494921906611642
month_end_bridge,2026-06-22,50,"Носки мужские, пара",nonfood,True,exact,1.0,410,"Носки мужские, пара",0.00108,94.75796338098822,-5.242036619011785,-0.005661399548532727
month_end_bridge,2026-06-22,51,"Колготки женские эластичные, шт.",nonfood,True,exact,1.0,272,"Колготки женские эластичные, шт.",0.00127,101.91473540711364,1.914735407113639,0.002431713967034322
month_end_bridge,2026-06-22,52,"Кроссовые туфли для детей, пара",nonfood,True,exact,1.0,319,"Кроссовые туфли для детей с верхом из искусственной кожи, пара",0.00156,100.7984476396488,0.7984476396487992,0.0012455783178521268
month_end_bridge,2026-06-22,53,"Кроссовые туфли для взрослых, пара",nonfood,True,exact,1.0,1032,"Кроссовые туфли для взрослых, пара",0.00518,98.684881184709,-1.315118815291001,-0.006812315463207384
month_end_bridge,2026-06-22,54,"Мыло хозяйственное, 200 г",nonfood,True,exact,1.0,390,"Мыло хозяйственное, 200 г",0.00174,90.14695254155626,-9.85304745844374,-0.017144302577692106
month_end_bridge,2026-06-22,55,"Порошок стиральный, кг",nonfood,True,exact,1.0,508,"Порошок стиральный, кг",0.00342,101.43715573360039,1.4371557336003917,0.004915072608913339
month_end_bridge,2026-06-22,56,"Мыло туалетное, 100 г",nonfood,True,exact,1.0,389,"Мыло туалетное, 100 г",0.00099,99.28668993777508,-0.7133100622249202,-0.0007061769616026711
month_end_bridge,2026-06-22,57,"Шампунь, 250 мл",nonfood,True,exact,1.0,726,"Шампунь, 250 мл",0.0019,93.77015537965406,-6.229844620345943,-0.011836704778657293
month_end_bridge,2026-06-22,58,"Паста зубная, 100 г (100 мл)",nonfood,True,exact,1.0,457,"Паста зубная, 100 г (100 мл)",0.00191,106.0408713227038,6.040871322703794,0.011538064226364246
month_end_bridge,2026-06-22,59,"Щетка зубная, шт.",nonfood,True,exact,1.0,735,"Щетка зубная, шт.",0.00174,102.20413916832189,2.2041391683218876,0.0038352021528800843
month_end_bridge,2026-06-22,6,"Колбаса полукопченая и варено-копченая, кг",food,True,exact,1.0,266,"Колбаса полукопченая и варено-копченая, кг",0.00298,93.4967894267039,-6.503210573296101,-0.01937956750842238
month_end_bridge,2026-06-22,60,"Сигареты с фильтром, пачка",nonfood,True,exact,1.0,1046,"Сигареты с фильтром, пачка",0.0086599999999999,100.0,0.0,0.0
month_end_bridge,2026-06-22,61,"Спички, коробок",nonfood,True,exact,1.0,601,"Спички, коробок",0.00059,100.0,0.0,0.0
month_end_bridge,2026-06-22,62,"Электропылесос напольный, шт.",nonfood,True,exact,1.0,741,"Электропылесос напольный, шт.",0.00185,97.51652779480398,-2.4834722051960227,-0.004594423579612642
month_end_bridge,2026-06-22,63,"Бумага туалетная, рулон",nonfood,True,exact,1.0,147,"Бумага туалетная, рулон",0.00099,99.81046247156937,-0.18953752843063398,-0.00018764215314632764
month_end_bridge,2026-06-22,64,"Прокладки женские гигиенические, 10 шт.",nonfood,True,exact,1.0,984,"Прокладки женские гигиенические, 10 шт.",0.00108,100.31894679695984,0.3189467969598354,0.00034446254071662227
month_end_bridge,2026-06-22,65,"Подгузники детские бумажные, 10 шт.",nonfood,True,exact,1.0,488,"Подгузники детские бумажные (памперсы), 10 шт.",0.00114,98.56048488930044,-1.4395151106995598,-0.001641047226197498
month_end_bridge,2026-06-22,66,"Телевизор, шт.",nonfood,False,unmatched,0.46153846153846156,,,,92.00930274755567,-7.990697252444335,
month_end_bridge,2026-06-22,67,"Смартфон, шт.",nonfood,True,exact,1.0,585,"Смартфон, шт.",0.00625,99.94658949332648,-0.0534105066735151,-0.0003338156667094694
month_end_bridge,2026-06-22,68,"Доска обрезная, м3",nonfood,True,exact,1.0,213,"Доска обрезная, м3",0.00153,100.0,0.0,0.0
month_end_bridge,2026-06-22,69,"Плиты древесностружечные, ориентированно-стружечные, м2",nonfood,True,exact,1.0,486,"Плиты древесностружечные, ориентированно-стружечные, м2",0.0008899999999999,98.46203869289546,-1.5379613071045384,-0.0013687855633228853
month_end_bridge,2026-06-22,7,"Колбаса вареная, кг",food,True,exact,1.0,265,"Колбаса вареная, кг",0.00464,99.45566996410456,-0.5443300358954417,-0.0025256913665548495
month_end_bridge,2026-06-22,70,"Дизельное топливо, л",nonfood,True,exact,1.0,209,"Дизельное топливо, л",0.00286,115.10366607167377,15.103666071673771,0.043196484964986986
month_end_bridge,2026-06-22,71,Бензин автомобильный,nonfood,False,unmatched,0.7692307692307693,,,,119.1603718768158,19.160371876815802,
month_end_bridge,2026-06-22,72,"Бензин автомобильный марки АИ-92, л",nonfood,True,exact,1.0,130,"Бензин автомобильный марки АИ-92, л",0.01023,118.88252592477946,18.882525924779458,0.19316824021049384
month_end_bridge,2026-06-22,73,"Бензин автомобильный марки АИ-95, л",nonfood,True,exact,1.0,131,"Бензин автомобильный марки АИ-95, л",0.01543,120.47796222095019,20.47796222095019,0.31597495706926143
month_end_bridge,2026-06-22,74,"Бензин автомобильный марки АИ-98 и выше, л",nonfood,True,exact,1.0,132,"Бензин автомобильный марки АИ-98, л",0.00117,107.5887525784388,7.5887525784388,0.008878840516773397
month_end_bridge,2026-06-22,78,"Корвалол, 25 мл",nonfood,True,exact,1.0,302,"Корвалол, 25 мл",0.00039,98.1100611450806,-1.889938854919393,-0.0007370761534185633
month_end_bridge,2026-06-22,79,"Левомеколь, мазь, 40 г",nonfood,True,exact,1.0,337,"Левомеколь, мазь, 40 г",0.00041,98.99511322183221,-1.004886778167787,-0.00041200357904879267
month_end_bridge,2026-06-22,8,"Консервы мясные для детского питания, кг",food,True,exact,1.0,285,"Консервы мясные для детского питания, кг",3e-05,106.00588177777111,6.005881777771108,0.00018017645333313326
month_end_bridge,2026-06-22,80,"Валидол, 60 мг, 10 таблеток",nonfood,True,exact,1.0,150,"Валидол, 60 мг, 10 таблеток",0.00032,93.39603353097526,-6.603966469024741,-0.002113269270087917
month_end_bridge,2026-06-22,82,"Ренгалин, 20 таблеток",nonfood,True,exact,1.0,1045,"Ренгалин, 20 таблеток",0.0004,101.88465317846256,1.8846531784625569,0.0007538612713850227
month_end_bridge,2026-06-22,85,"Сухие корма для домашних животных, кг",nonfood,True,exact,1.0,616,"Сухие корма для домашних животных, кг",0.00104,100.75986037565596,0.7598603756559612,0.0007902547906821996
month_end_bridge,2026-06-22,86,"Ремонт телевизоров, один вид работ",services,True,fuzzy,0.9850746268656716,543,"Ремонт  телевизоров, один вид работы",0.00037,100.0,0.0,0.0
month_end_bridge,2026-06-22,87,"Мойка легкового автомобиля, услуга",services,True,exact,1.0,375,"Мойка легкового автомобиля, услуга",0.00529,107.0308871342313,7.030887134231307,0.037193392940083614
month_end_bridge,2026-06-22,88,"Стрижка модельная в женском зале, стрижка",services,True,exact,1.0,608,"Стрижка модельная в женском зале, стрижка",0.00549,100.0,0.0,0.0
month_end_bridge,2026-06-22,89,"Стрижка модельная в мужском зале, стрижка",services,True,exact,1.0,609,"Стрижка модельная в мужском зале, стрижка",0.0051,100.0,0.0,0.0
month_end_bridge,2026-06-22,9,"Рыба мороженая неразделанная, кг",food,True,exact,1.0,558,"Рыба мороженая неразделанная, кг",0.00303,102.50812093953023,2.5081209395302295,0.007599606446776596
month_end_bridge,2026-06-22,90,"Проезд в городском автобусе, поездка",services,True,exact,1.0,525,"Проезд в городском автобусе,поездка",0.00185,100.0,0.0,0.0
month_end_bridge,2026-06-22,91,"Проезд в троллейбусе, поездка",services,True,exact,1.0,533,"Проезд в троллейбусе, поездка",0.0001,100.0,0.0,0.0
month_end_bridge,2026-06-22,93,"Плата за жилье в домах государственного и муниципального жилищных фондов, м2 общей площади",services,True,exact,1.0,400,"Наём жилых помещений в государственном и муниципальном жилищных фондах, м2 общей площади",0.00012,101.18473014480034,1.1847301448003407,0.00014216761737604087
month_end_bridge,2026-06-22,94,"Отопление, Гкал",services,True,exact,1.0,448,"Отопление, Гкал",0.00924,100.0,0.0,0.0
month_end_bridge,2026-06-22,95,"Водоснабжение холодное, м3",services,True,exact,1.0,174,"Водоснабжение холодное, м3",0.0053,100.0,0.0,0.0
month_end_bridge,2026-06-22,96,"Водоотведение, м3",services,True,exact,1.0,172,"Водоотведение, м3",0.00325,100.0,0.0,0.0
month_end_bridge,2026-06-22,97,"Водоснабжение горячее, м3",services,True,exact,1.0,173,"Водоснабжение горячее, м3",0.00592,100.0,0.0,0.0
month_end_bridge,2026-06-22,98,Услуги по снабжению электроэнергией,services,True,exact,1.0,744+745+746+747,"Электроэнергия в квартирах без электроплит сверх минимального объема потребления, в расчете за 100 кВт.ч + Электроэнергия в квартирах без электроплит за минимальный объем потребления, в расчете за 100 кВт.ч + Электроэнергия в квартирах с электроплитами за минимальный объем потребления, в расчете за 100 кВт.ч + Электроэнергия в квартирах с электроплитами сверх минимального объема потребления, в расчете за 100 кВт.ч",0.01142,100.0,0.0,0.0
month_end_bridge,2026-06-22,99,"Проживание в гостинице 1* или в мотеле, сутки с человека",services,True,exact,1.0,1004,"Проживание в гостинице 1* или в мотеле, сутки с человека",5e-05,100.0,0.0,0.0
