Feature,Horizon,Pearson_r,P_value,Abs_r,N,Significant
ibved_q_L0,h=2,0.4937954141244712,3.756956588212213e-06,0.4937954141244712,79,True
ibved_q,h=2,0.4937954141244712,3.756956588212213e-06,0.4937954141244712,79,True
ibved_q_L1,h=2,0.49203377829592476,4.758108360794291e-06,0.49203377829592476,78,True
brent_STD3,h=2,0.48894739516502533,2.689017260165309e-05,0.48894739516502533,67,True
ibved_q_MA3,h=2,0.42831481918463216,0.00010190503423958088,0.42831481918463216,77,True
reg_services_L6,h=2,0.42432504824962214,1.2030035189370018e-05,0.42432504824962214,99,True
reg_construction_MA6,h=2,-0.4184513939581487,4.405094115304135e-06,0.4184513939581487,112,True
ibved_q_D3,h=2,0.4156990505433022,0.00018814525695365193,0.4156990505433022,76,True
month_cos,h=2,0.40840399764073176,4.851904344347811e-06,0.40840399764073176,117,True
ki_D6,h=2,0.4011566552748024,1.2810164611066607e-05,0.4011566552748024,111,True
ibved_q_D12,h=2,0.3736069856744326,0.0018447067107333983,0.3736069856744326,67,True
reg_services_L7,h=2,0.3425348029855095,0.0005554664379339234,0.3425348029855095,98,True
ki_STD3,h=2,0.33532669499834244,0.0002489376294409252,0.33532669499834244,115,True
reg_construction_MA3,h=2,-0.33231649151915454,0.00028512643022104376,0.33231649151915454,115,True
reg_services_L9,h=2,0.3141214573645554,0.0018287313875186176,0.3141214573645554,96,True
prod_L10,h=2,0.3031670371495232,0.0015024868325865688,0.3031670371495232,107,True
ibved_m_L3,h=2,0.2986839026579714,0.05468238881011446,0.2986839026579714,42,False
reg_retail_MA6,h=2,0.2895651605359746,0.0019567621431419166,0.2895651605359746,112,True
reg_housing_secondary_L9,h=2,0.2757791323742162,0.0042182531064973595,0.2757791323742162,106,True
Ruonia_D1,h=2,0.2740252818378229,0.002914874509970106,0.2740252818378229,116,True
reg_housing_secondary_L10,h=2,0.27363046156097265,0.004736484162398857,0.27363046156097265,105,True
reg_retail_STD3,h=2,0.2709217810591832,0.0034054704765671038,0.2709217810591832,115,True
reg_ppi_D3,h=2,-0.26979610285603145,0.0036969992568918583,0.26979610285603145,114,True
prod_D1,h=2,0.26323422062050167,0.0043043947569755565,0.26323422062050167,116,True
usd_L0,h=2,-0.2613385812927557,0.004425899929704486,0.2613385812927557,117,True
usd,h=2,-0.2613385812927557,0.004425899929704486,0.2613385812927557,117,True
usd_STD3,h=2,-0.25957918111257194,0.005087256144202805,0.25957918111257194,115,True
mom_D1,h=2,0.2591402384936511,0.004970318931241253,0.2591402384936511,116,True
ki_D12,h=2,0.25670046178504347,0.00820878253843882,0.25670046178504347,105,True
ki_L2,h=2,0.25586529284901766,0.005780584162812993,0.25586529284901766,115,True
reg_profit_MA3,h=2,-0.25211321608618287,0.006565179942378368,0.25211321608618287,115,True
prod_D6,h=2,0.2513833458084755,0.00778193564937173,0.2513833458084755,111,True
reg_ind_prod_D6,h=2,-0.2446510001884064,0.009658214047251694,0.2446510001884064,111,True
brent_MA6,h=2,0.23958295350194167,0.19424387440002935,0.23958295350194167,31,False
reg_retail_D3,h=2,-0.23853452598957622,0.010594736096456366,0.23853452598957622,114,True
reg_ind_prod_MA3,h=2,-0.23798126771588823,0.01043437130321676,0.23798126771588823,115,True
reg_ind_prod_D3,h=2,-0.23653750915488939,0.011284582273746162,0.23653750915488939,114,True
prod_L9,h=2,0.23598699323234873,0.013942407177080103,0.23598699323234873,108,True
ki_L1,h=2,0.2349892071571415,0.011111799053243849,0.2349892071571415,116,True
ki_L3,h=2,0.23439209357449764,0.01206923101742684,0.23439209357449764,114,True
usd_MA3,h=2,-0.22988169211860465,0.013455895251959187,0.22988169211860465,115,True
reg_housing_secondary_L8,h=2,0.2292023390349203,0.01756105755496457,0.2292023390349203,107,True
ki_MA3,h=2,0.22847503566134594,0.014051963866869478,0.22847503566134594,115,True
prod_L11,h=2,0.22820150166395578,0.018634932144968953,0.22820150166395578,106,True
reg_services_L8,h=2,0.22807255734934304,0.024650585805014887,0.22807255734934304,97,True
reg_retail_L5,h=2,0.22779049593425485,0.015713203869428566,0.22779049593425485,112,True
reg_ind_prod_L1,h=2,-0.2268750173066621,0.014322122895135661,0.2268750173066621,116,True
reg_construction_L1,h=2,-0.22549043189405282,0.014943882408498334,0.22549043189405282,116,True
ibved_q_D6,h=2,0.22498457474452116,0.05565798260527115,0.22498457474452116,73,False
reg_ind_prod,h=2,-0.22286139531276414,0.015727010121352508,0.22286139531276414,117,True
reg_ind_prod_L0,h=2,-0.22286139531276414,0.015727010121352508,0.22286139531276414,117,True
ibved_m_MA3,h=2,0.21975649675167702,0.15678926641912028,0.21975649675167702,43,False
reg_services_D6,h=2,-0.21921201878396337,0.029255964072549344,0.21921201878396337,99,True
mom_L10,h=2,0.21819282280081315,0.023959948509354446,0.21819282280081315,107,True
ibved_m_L2,h=2,0.21410493775713954,0.16800066417702986,0.21410493775713954,43,False
serv_L7,h=2,0.2134507892804796,0.025156759705671456,0.2134507892804796,110,True
serv_L6,h=2,0.21332831233480717,0.02457267228790581,0.21332831233480717,111,True
ibved_m_MA6,h=2,0.21244203079247498,0.1881481650827509,0.21244203079247498,40,False
ibved_m_L6,h=2,-0.21119933829045248,0.19682753592366672,0.21119933829045248,39,False
usd_D12,h=2,-0.2099692291390172,0.031569818333426126,0.2099692291390172,105,True
reg_ind_prod_STD3,h=2,0.20786418047256836,0.025803846713195633,0.20786418047256836,115,True
brent_MA3,h=2,0.2060063612291496,0.09442705985819486,0.2060063612291496,67,False
prod,h=2,0.2008667381607582,0.029888712182154484,0.2008667381607582,117,True
prod_L0,h=2,0.2008667381607582,0.029888712182154484,0.2008667381607582,117,True
usd_D6,h=2,-0.2004674870805549,0.034891748250779904,0.2004674870805549,111,True
reg_agri_prices_L12,h=2,-0.20011787071003187,0.040677262490693436,0.20011787071003187,105,True
ki_D1,h=2,-0.1977129135383868,0.03338520389360949,0.1977129135383868,116,True
reg_profit_STD3,h=2,-0.1955131579741998,0.036260503003585444,0.1955131579741998,115,True
serv_D6,h=2,-0.19442346693810264,0.04087991258271907,0.19442346693810264,111,True
reg_construction_L3,h=2,-0.1936016342772185,0.03902827161736871,0.1936016342772185,114,True
reg_shipped_STD3,h=2,0.19358403461835427,0.038178728535987784,0.19358403461835427,115,True
prod_D3,h=2,0.19230886510845147,0.04037974956255248,0.19230886510845147,114,True
ibved_m_L7,h=2,0.19114569714068777,0.25031779321587605,0.19114569714068777,38,False
prod_STD3,h=2,-0.19023632094238432,0.04170947450710444,0.19023632094238432,115,True
reg_income_real_L7,h=2,0.19009188613180997,0.048779719025057705,0.19009188613180997,108,True
usd_D3,h=2,-0.190079234520985,0.0428025705147053,0.190079234520985,114,True
reg_ppi_L3,h=2,0.1875616468339144,0.045682838258989576,0.1875616468339144,114,True
ki,h=2,0.18202735639026937,0.04950345213395912,0.18202735639026937,117,True
ki_L0,h=2,0.18202735639026937,0.04950345213395912,0.18202735639026937,117,True
reg_ppi_D1,h=2,-0.1816149074885601,0.05104190257987921,0.1816149074885601,116,False
nonprod_STD3,h=2,-0.1799943769783022,0.054243082356736645,0.1799943769783022,115,False
reg_ind_prod_L5,h=2,0.17962443482912668,0.05808119796941941,0.17962443482912668,112,False
prod_L5,h=2,-0.17939212303075264,0.058412010198427136,0.17939212303075264,112,False
mom_D3,h=2,0.17894839652074607,0.056780531538984366,0.17894839652074607,114,False
reg_wage_agri_L4,h=2,0.17771206872435116,0.05968420267500982,0.17771206872435116,113,False
reg_retail_L2,h=2,0.17752483320956292,0.057689524324692834,0.17752483320956292,115,False
reg_retail,h=2,-0.1765938654376769,0.056826439537166734,0.1765938654376769,117,False
reg_retail_L0,h=2,-0.1765938654376769,0.056826439537166734,0.1765938654376769,117,False
reg_shipped_L5,h=2,0.17610289549765085,0.06326373484911386,0.17610289549765085,112,False
brent_L0,h=2,0.17581602279794273,0.07863489209984839,0.17581602279794273,101,False
brent,h=2,0.17581602279794273,0.07863489209984839,0.17581602279794273,101,False
ki_i,h=2,0.17575782592568318,0.05802845036522537,0.17575782592568318,117,False
ki_i_L0,h=2,0.17575782592568318,0.05802845036522537,0.17575782592568318,117,False
reg_income_nom_L7,h=2,0.17556487791588507,0.06915023538625494,0.17556487791588507,108,False
Ruonia_L12,h=2,-0.17480706621806757,0.0744956651125426,0.17480706621806757,105,False
reg_shipped_D3,h=2,-0.17402477603326608,0.0640609862410096,0.17402477603326608,114,False
brent_D1,h=2,0.1736502662424403,0.11417309036339689,0.1736502662424403,84,False
prod_L6,h=2,-0.17276661983376299,0.06979093358672854,0.17276661983376299,111,False
reg_construction_L0,h=2,-0.17255040469958957,0.06283481716923298,0.17255040469958957,117,False
reg_construction,h=2,-0.17255040469958957,0.06283481716923298,0.17255040469958957,117,False
reg_income_real_L6,h=2,0.17129076098115315,0.0749292019198051,0.17129076098115315,109,False
reg_wage_L11,h=2,0.17083192703528663,0.07996954376881375,0.17083192703528663,106,False
ibved_q_L4,h=2,-0.16929244830613244,0.14650319656852628,0.16929244830613244,75,False
mom_L9,h=2,0.16897309979380334,0.08043280485204504,0.16897309979380334,108,False
ibved_q_L12,h=2,-0.16702106445043824,0.17672450506792353,0.16702106445043824,67,False
ibved_m_D3,h=2,-0.166734877316931,0.29125828839565077,0.166734877316931,42,False
reg_ppi,h=2,-0.1660755807566056,0.07352725002957891,0.1660755807566056,117,False
reg_ppi_L0,h=2,-0.1660755807566056,0.07352725002957891,0.1660755807566056,117,False
reg_construction_STD3,h=2,-0.16582849271419708,0.07653242634032204,0.16582849271419708,115,False
mom_STD3,h=2,-0.16440597223424094,0.07912848733781505,0.16440597223424094,115,False
usd_MA6,h=2,-0.16439978935623975,0.08325013263640457,0.16439978935623975,112,False
ki_i_D3,h=2,0.16272514193995327,0.08366048606316956,0.16272514193995327,114,False
reg_wage_D1,h=2,0.16263552003113915,0.08110653661692598,0.16263552003113915,116,False
ibved_m_L10,h=2,0.1624336189719425,0.35119069077638454,0.1624336189719425,35,False
usd_L1,h=2,-0.1624007932075107,0.08155220431933412,0.1624007932075107,116,False
brent_D12,h=2,0.16202283788679123,0.16201359408310517,0.16202283788679123,76,False
mom_D6,h=2,0.1612356571336444,0.09091825400392099,0.1612356571336444,111,False
Ruonia_D3,h=2,0.1611545455802396,0.08672873057787125,0.1611545455802396,114,False
reg_wage_D3,h=2,0.16105287645286373,0.08693039512821582,0.16105287645286373,114,False
reg_income_nom_L6,h=2,0.16065866102752926,0.09514765253631097,0.16065866102752926,109,False
ki_MA6,h=2,0.16028158484776575,0.09137970009912981,0.16028158484776575,112,False
reg_agri_prices_L11,h=2,-0.1601025088661979,0.10112886452084706,0.1601025088661979,106,False
reg_shipped,h=2,-0.159877137703851,0.08509443499512864,0.159877137703851,117,False
reg_shipped_L0,h=2,-0.159877137703851,0.08509443499512864,0.159877137703851,117,False
ibved_q_STD3,h=2,0.15980020726162003,0.165062555442536,0.15980020726162003,77,False
brent_L5,h=2,0.1591697954119737,0.11940780504626242,0.1591697954119737,97,False
mom_L2,h=2,-0.1582410703044007,0.0912063762275016,0.1582410703044007,115,False
brent_pct_L7,h=2,0.15811884185661554,0.09898053975716709,0.15811884185661554,110,False
reg_profit_MA6,h=2,-0.15795903066600353,0.09623485021893281,0.15795903066600353,112,False
reg_wage_D6,h=2,0.157942564349232,0.09780278000287222,0.157942564349232,111,False
reg_ind_prod_L8,h=2,0.1575661002269257,0.1017744033432445,0.1575661002269257,109,False
ki_i_D12,h=2,0.15710130796596344,0.1094889301894515,0.15710130796596344,105,False
reg_profit_L5,h=2,0.15666161453802602,0.0990343434527177,0.15666161453802602,112,False
nonprod_D1,h=2,0.1566384433953059,0.0931209729790099,0.1566384433953059,116,False
mom_L0,h=2,0.15631133002167466,0.09238009917773812,0.15631133002167466,117,False
reg_wage_L9,h=2,0.156284857572825,0.10626684203224893,0.156284857572825,108,False
reg_profit,h=2,-0.1555279618961274,0.09404508004135542,0.1555279618961274,117,False
reg_profit_L0,h=2,-0.1555279618961274,0.09404508004135542,0.1555279618961274,117,False
ibved_q_L8,h=2,0.1553775863644661,0.1957103429613241,0.1553775863644661,71,False
ibved_m_STD3,h=2,0.1553443624692583,0.31988252287976204,0.1553443624692583,43,False
ibved_m_D6,h=2,0.15383890802462175,0.34976326804374797,0.15383890802462175,39,False
nonprod_L2,h=2,-0.15370173344103985,0.10100059324510273,0.15370173344103985,115,False
ibved_q_MA6,h=2,0.15316951475162877,0.1926139465305273,0.15316951475162877,74,False
reg_wage_agri_L5,h=2,0.15224903192624575,0.10903764838463685,0.15224903192624575,112,False
brent_pct_D3,h=2,0.15091491331739534,0.10898623315478306,0.15091491331739534,114,False
reg_services_D12,h=2,0.14933500784623555,0.15309564137967593,0.14933500784623555,93,False
reg_ppi_L4,h=2,0.14853316286540919,0.1163927050981111,0.14853316286540919,113,False
Ruonia_L11,h=2,-0.1473916992624652,0.13161973452171136,0.1473916992624652,106,False
brent_D3,h=2,0.14735374975242235,0.1757651044355997,0.14735374975242235,86,False
reg_income_real_L5,h=2,0.1464479985140402,0.1268462958999621,0.1464479985140402,110,False
ibved_q_L7,h=2,0.1447041536220304,0.22522111051465196,0.1447041536220304,72,False
reg_retail_L3,h=2,0.14449592827707705,0.12506574535806406,0.14449592827707705,114,False
reg_income_nom_L5,h=2,0.1427686825169693,0.13677763350870994,0.1427686825169693,110,False
reg_construction_L12,h=2,-0.1421307216382423,0.14808570759855713,0.1421307216382423,105,False
reg_invest_prices_D12,h=2,-0.14161992702966184,0.14956341976470108,0.14161992702966184,105,False
ibved_m_L12,h=2,0.140547204686798,0.4353113973919529,0.140547204686798,33,False
ki_i_D6,h=2,0.14020315585242452,0.14219377792284552,0.14020315585242452,111,False
reg_ppi_L12,h=2,-0.13939481881808377,0.15613012694151976,0.13939481881808377,105,False
Ruonia_D12,h=2,0.13883278098787108,0.15782239861962916,0.13883278098787108,105,False
reg_ind_prod_L2,h=2,0.13863021550755253,0.1395290067164574,0.13863021550755253,115,False
reg_invest_prices_L12,h=2,0.1385304558566998,0.158738330725685,0.1385304558566998,105,False
reg_housing_primary_L8,h=2,0.13816213147499562,0.15584363579390517,0.13816213147499562,107,False
reg_retail_D12,h=2,-0.13721550867288926,0.1627682877836556,0.13721550867288926,105,False
serv_L11,h=2,-0.13677671779160938,0.1620873936253341,0.13677671779160938,106,False
nonprod_L1,h=2,-0.13661032491310848,0.14366753985648498,0.13661032491310848,116,False
ibved_q_L9,h=2,0.13311828265799866,0.27194623617115476,0.13311828265799866,70,False
reg_agri_prices_L8,h=2,0.13284403212757626,0.16849547043127996,0.13284403212757626,109,False
ibved_q_L2,h=2,0.13253582429221425,0.25053447059911377,0.13253582429221425,77,False
reg_housing_primary_L5,h=2,0.13225593790103052,0.16841185460510516,0.13225593790103052,110,False
reg_shipped_MA6,h=2,0.1318886097100448,0.1656911062638624,0.1318886097100448,112,False
brent_pct_L1,h=2,0.13160865236758668,0.15905665838317126,0.13160865236758668,116,False
reg_services,h=2,0.13082555698180728,0.18343891409601312,0.13082555698180728,105,False
reg_services_L0,h=2,0.13082555698180728,0.18343891409601312,0.13082555698180728,105,False
Ruonia_L10,h=2,-0.12973747376205763,0.18289672290745682,0.12973747376205763,107,False
reg_retail_L12,h=2,-0.12962605818803472,0.18752379132895045,0.12962605818803472,105,False
reg_housing_primary_L7,h=2,0.12923194077932104,0.1825359815525746,0.12923194077932104,108,False
mom_L11,h=2,0.12678414360344906,0.19529313851098087,0.12678414360344906,106,False
reg_housing_primary_L9,h=2,0.12540037557992456,0.20025329976308853,0.12540037557992456,106,False
reg_services_D3,h=2,0.12530160028134302,0.20953695210530576,0.12530160028134302,102,False
reg_housing_primary_STD3,h=2,-0.12519277360124506,0.18642630033544103,0.12519277360124506,113,False
brent_pct_L3,h=2,-0.1247939283438548,0.18585923407041335,0.1247939283438548,114,False
mom_L8,h=2,0.12432743662164648,0.19772655156042532,0.12432743662164648,109,False
mom_D12,h=2,0.12421024992014841,0.20679202927000667,0.12421024992014841,105,False
reg_retail_L10,h=2,-0.1238061363436437,0.20390199149073773,0.1238061363436437,107,False
reg_housing_secondary_STD3,h=2,-0.12317666897300268,0.19367529306448905,0.12317666897300268,113,False
reg_shipped_D6,h=2,-0.12247950292654704,0.20032656974522367,0.12247950292654704,111,False
reg_wage_L10,h=2,0.1224043720544044,0.2091094519222433,0.1224043720544044,107,False
reg_housing_secondary_L5,h=2,0.1219396689603227,0.2044246655518059,0.1219396689603227,110,False
reg_wage_agri_MA6,h=2,0.12121580751854755,0.20296961765179625,0.12121580751854755,112,False
prod_L8,h=2,0.12071676420143973,0.21116508120126912,0.12071676420143973,109,False
serv_MA6,h=2,-0.11967099466865166,0.20882868497641863,0.11967099466865166,112,False
reg_retail_D1,h=2,-0.11932778310016715,0.20201023199617651,0.11932778310016715,116,False
prod_L2,h=2,-0.11888511653510171,0.2057041042079874,0.11888511653510171,115,False
ki_i_MA3,h=2,0.11841506522378702,0.20751515131530573,0.11841506522378702,115,False
reg_services_MA3,h=2,0.11825444122758727,0.23417055946318843,0.11825444122758727,103,False
ibved_q_L10,h=2,0.11764094318768753,0.33570064315642734,0.11764094318768753,69,False
reg_wage_agri_L3,h=2,0.11759300632221413,0.2127493444561033,0.11759300632221413,114,False
mom_L1,h=2,-0.1173156678303963,0.20977635224388283,0.1173156678303963,116,False
reg_construction_D6,h=2,-0.11724804219085655,0.2203743454477355,0.11724804219085655,111,False
reg_ppi_L2,h=2,0.11713427647016537,0.21250770690466317,0.11713427647016537,115,False
reg_services_L10,h=2,0.11634404067175437,0.2615278129400621,0.11634404067175437,95,False
reg_agri_prices_L9,h=2,0.11590103963207303,0.23228490271164678,0.11590103963207303,108,False
prod_D12,h=2,0.11579502160454425,0.23947338621854827,0.11579502160454425,105,False
reg_ind_prod_L12,h=2,-0.11534672448585874,0.24130975930903903,0.11534672448585874,105,False
mom_MA6,h=2,-0.11500159555557365,0.22727062334778741,0.11500159555557365,112,False
reg_shipped_MA3,h=2,-0.11489111885913182,0.2214567124483328,0.11489111885913182,115,False
reg_housing_secondary_L6,h=2,0.11483669492303644,0.23442146436162645,0.11483669492303644,109,False
reg_ind_prod_D12,h=2,-0.11480490682500866,0.2435422321820797,0.11480490682500866,105,False
nonprod_MA3,h=2,-0.11363863796777668,0.22656780872820606,0.11363863796777668,115,False
reg_housing_primary_L6,h=2,0.11312993030475796,0.2414947905795964,0.11312993030475796,109,False
brent_pct_L11,h=2,0.11299548446255603,0.24880216946196504,0.11299548446255603,106,False
reg_housing_secondary_L7,h=2,0.11264902925715713,0.24573962038872127,0.11264902925715713,108,False
mom_L3,h=2,-0.11208662126179188,0.23510369972422054,0.11208662126179188,114,False
reg_profit_L12,h=2,-0.11187737522425639,0.2558518316141304,0.11187737522425639,105,False
reg_receivables_STD3,h=2,-0.111402356282667,0.23589888180200086,0.111402356282667,115,False
reg_profit_D6,h=2,-0.11118002876344565,0.2453572947494468,0.11118002876344565,111,False
reg_housing_primary_L4,h=2,0.11116991299430493,0.2454005150710381,0.11116991299430493,111,False
brent_L4,h=2,0.11098843273831714,0.2765961779788481,0.11098843273831714,98,False
reg_profit_L1,h=2,-0.10991832912361883,0.2401552477625102,0.10991832912361883,116,False
reg_shipped_L12,h=2,-0.10960208769222511,0.2657083479599477,0.10960208769222511,105,False
reg_wage_agri_D3,h=2,-0.10936052536336562,0.24675778551596078,0.10936052536336562,114,False
serv_MA3,h=2,-0.10913060820544072,0.2456492439052381,0.10913060820544072,115,False
reg_construction_L10,h=2,0.10893554380171937,0.26402407097353386,0.10893554380171937,107,False
nonprod_D12,h=2,0.10827655828282955,0.27156777572083673,0.10827655828282955,105,False
reg_services_L12,h=2,-0.10799402071205172,0.302827732763628,0.10799402071205172,93,False
reg_wage,h=2,0.10779844589536142,0.24732383351375875,0.10779844589536142,117,False
reg_wage_L0,h=2,0.10779844589536142,0.24732383351375875,0.10779844589536142,117,False
reg_ppi_L10,h=2,-0.10776464589039778,0.2692227590494751,0.10776464589039778,107,False
reg_ind_prod_L10,h=2,-0.10757974131895873,0.2700500073369091,0.10757974131895873,107,False
mom_L5,h=2,-0.1069093163799678,0.26188454924996535,0.1069093163799678,112,False
brent_pct_MA3,h=2,0.10582826367545003,0.2603144604838793,0.10582826367545003,115,False
reg_income_real,h=2,0.10565487924050829,0.26110060848850536,0.10565487924050829,115,False
reg_income_real_L0,h=2,0.10565487924050829,0.26110060848850536,0.10565487924050829,115,False
ibved_q_L11,h=2,-0.10541499852191184,0.3922492880115072,0.10541499852191184,68,False
reg_ppi_L11,h=2,-0.10537769046755564,0.2823468419218554,0.10537769046755564,106,False
usd_L11,h=2,-0.10537705885958351,0.28234974282510367,0.10537705885958351,106,False
reg_construction_L4,h=2,-0.10525059006089717,0.26722573560673124,0.10525059006089717,113,False
brent_pct_L0,h=2,0.10518969117801653,0.25901642880435605,0.10518969117801653,117,False
brent_pct,h=2,0.10518969117801653,0.25901642880435605,0.10518969117801653,117,False
reg_ppi_L5,h=2,0.10385085116151664,0.27585682425380537,0.10385085116151664,112,False
ibved_m_L9,h=2,0.10274745634940956,0.5509684100352138,0.10274745634940956,36,False
reg_ppi_MA6,h=2,0.1026534589091459,0.2814611457577573,0.1026534589091459,112,False
reg_income_nom_L0,h=2,0.1026249677579881,0.2751003652473237,0.1026249677579881,115,False
reg_income_nom,h=2,0.1026249677579881,0.2751003652473237,0.1026249677579881,115,False
reg_shipped_L1,h=2,-0.10251648016387298,0.2734873159598192,0.10251648016387298,116,False
brent_L1,h=2,0.10236052837491483,0.3108687420258712,0.10236052837491483,100,False
ibved_q_L6,h=2,0.1009692996693729,0.39534318273098124,0.1009692996693729,73,False
reg_shipped_L4,h=2,0.09919881791711661,0.29585927918919247,0.09919881791711661,113,False
ki_L6,h=2,-0.09914539804615304,0.30053328125378376,0.09914539804615304,111,False
nonprod_D3,h=2,0.09834317169349842,0.29788867589990825,0.09834317169349842,114,False
reg_retail_L4,h=2,0.09809005027887645,0.30131709905564663,0.09809005027887645,113,False
reg_invest_prices_D3,h=2,-0.09784308933782983,0.3003642108148808,0.09784308933782983,114,False
reg_retail_D6,h=2,-0.09753498579245058,0.30849125233487573,0.09753498579245058,111,False
ibved_m_L5,h=2,0.09746069449186501,0.5496552819177848,0.09746069449186501,40,False
reg_invest_prices_L11,h=2,0.09722162613275807,0.32147045294826415,0.09722162613275807,106,False
Ruonia_D6,h=2,0.09680173758983714,0.3121597705336922,0.09680173758983714,111,False
reg_ind_prod_L9,h=2,0.09671086720629145,0.31940070742447013,0.09671086720629145,108,False
brent_pct_STD3,h=2,0.09623418289519124,0.3062607490965534,0.09623418289519124,115,False
ki_i_L5,h=2,0.09576006384920682,0.31520005562145775,0.09576006384920682,112,False
reg_shipped_L3,h=2,0.0954689069855876,0.31230109706404335,0.0954689069855876,114,False
ki_L7,h=2,-0.09540129682662077,0.3214851137720898,0.09540129682662077,110,False
ki_i_STD3,h=2,-0.0951635462915188,0.31169823997667856,0.0951635462915188,115,False
reg_agri_prices_L1,h=2,-0.0951296585701388,0.30973046189821546,0.0951296585701388,116,False
brent_L6,h=2,0.09432458415004952,0.36065262592712777,0.09432458415004952,96,False
ibved_m_L4,h=2,-0.09364625229971885,0.5603194777975934,0.09364625229971885,41,False
ibved_m_L1,h=2,0.09352009191572437,0.5459705196099344,0.09352009191572437,44,False
Ruonia_L9,h=2,-0.09338353104851337,0.3364113151867548,0.09338353104851337,108,False
reg_shipped_L2,h=2,0.09318861695547123,0.321892140556912,0.09318861695547123,115,False
ibved_q_L3,h=2,-0.0931138498952622,0.4236906961849008,0.0931138498952622,76,False
Ruonia_L2,h=2,-0.09281322443365284,0.32385379870449416,0.09281322443365284,115,False
ki_i_L7,h=2,0.09235202588620035,0.33726456761766194,0.09235202588620035,110,False
serv_L8,h=2,0.09234918199333111,0.33953669715669815,0.09234918199333111,109,False
ki_i_L8,h=2,0.09203659720092934,0.34118093121071386,0.09203659720092934,109,False
reg_agri_prices_L6,h=2,-0.09195453637364204,0.3371207204577097,0.09195453637364204,111,False
reg_housing_secondary_L11,h=2,0.09190460431462882,0.353467410574164,0.09190460431462882,104,False
reg_retail_L9,h=2,-0.09120097751142169,0.34787560290444614,0.09120097751142169,108,False
serv_L1,h=2,-0.09092206050980413,0.33171371869508975,0.09092206050980413,116,False
nonprod_L3,h=2,-0.09076081376256916,0.336871760212594,0.09076081376256916,114,False
reg_wage_agri_STD3,h=2,-0.08992619962055252,0.33919636445174894,0.08992619962055252,115,False
ki_D3,h=2,-0.08992498685558638,0.3413586005146663,0.08992498685558638,114,False
prod_MA6,h=2,-0.08976227810299178,0.34660271309587726,0.08976227810299178,112,False
usd_L9,h=2,-0.08958649405873287,0.35651164279227054,0.08958649405873287,108,False
reg_ppi_D6,h=2,-0.08851631205748645,0.35557199719769494,0.08851631205748645,111,False
brent_pct_L8,h=2,0.08811707207947417,0.3622231856032146,0.08811707207947417,109,False
nonprod_L12,h=2,-0.08777331381995389,0.3732712722321234,0.08777331381995389,105,False
reg_profit_L2,h=2,-0.08712427417918288,0.3545191492236788,0.08712427417918288,115,False
ki_i_MA6,h=2,0.08679082807002951,0.36286360248743904,0.08679082807002951,112,False
reg_housing_secondary_MA6,h=2,0.08668043788358708,0.36789511332080216,0.08668043788358708,110,False
prod_L3,h=2,-0.0866717776047488,0.35917941131238684,0.0866717776047488,114,False
ki_i_D1,h=2,0.0866383837982709,0.35509133665975495,0.0866383837982709,116,False
ibved_m_D1,h=2,-0.08661202370200598,0.576139881507065,0.08661202370200598,44,False
reg_ind_prod_L6,h=2,0.0862566817189999,0.368033829741524,0.0862566817189999,111,False
reg_services_L1,h=2,0.08578358840074904,0.3865731945182104,0.08578358840074904,104,False
Ruonia_L3,h=2,-0.0856000791306621,0.36517414558748534,0.0856000791306621,114,False
Ruonia_STD3,h=2,-0.08542828937061496,0.3640001178461953,0.08542828937061496,115,False
reg_agri_prices_D3,h=2,-0.08519721405638021,0.36744349086238315,0.08519721405638021,114,False
reg_wage_agri_L12,h=2,0.08468775610215781,0.39036927835455454,0.08468775610215781,105,False
ki_i_L9,h=2,0.08432780904407576,0.38555324275934055,0.08432780904407576,108,False
usd_D1,h=2,-0.08194597782323827,0.38184652611657127,0.08194597782323827,116,False
reg_ind_prod_L7,h=2,0.07967705607443491,0.40799312808560273,0.07967705607443491,110,False
reg_construction_L2,h=2,-0.07956139271185811,0.3979873435460614,0.07956139271185811,115,False
reg_wage_agri_L2,h=2,0.07906852477044941,0.4009259342861012,0.07906852477044941,115,False
reg_agri_prices_D12,h=2,0.07900105584670829,0.42308376405288983,0.07900105584670829,105,False
reg_services_MA6,h=2,0.07835365782877995,0.43841179918903506,0.07835365782877995,100,False
reg_housing_primary_D1,h=2,0.07790123091566686,0.4100281923856856,0.07790123091566686,114,False
reg_payables_L3,h=2,-0.07665858930955283,0.4175590429951474,0.07665858930955283,114,False
reg_profit_D3,h=2,-0.07659677056522687,0.4179357740838909,0.07659677056522687,114,False
reg_income_nom_MA6,h=2,0.07611556217321278,0.42933229231182696,0.07611556217321278,110,False
reg_wage_L12,h=2,0.07594869413177406,0.44127633630692337,0.07594869413177406,105,False
reg_income_nom_D1,h=2,0.07594709168607888,0.42190692710326133,0.07594709168607888,114,False
reg_ind_prod_MA6,h=2,-0.07545065361303233,0.4291396690331025,0.07545065361303233,112,False
serv_L3,h=2,-0.07525262749929086,0.4261758650923015,0.07525262749929086,114,False
reg_construction_L11,h=2,0.07472542051396949,0.44648479441987093,0.07472542051396949,106,False
reg_housing_secondary_L3,h=2,0.07450466320859073,0.43496505994877727,0.07450466320859073,112,False
Ruonia_L1,h=2,-0.07428912733500476,0.4280404198541334,0.07428912733500476,116,False
ki_L8,h=2,-0.07404108760909027,0.44418176292808315,0.07404108760909027,109,False
reg_income_real_MA6,h=2,0.07385410778649494,0.44320762809004605,0.07385410778649494,110,False
Ruonia_L6,h=2,-0.07368598788807725,0.44213815052590577,0.07368598788807725,111,False
mom_L6,h=2,-0.07306383635324787,0.44601181546246393,0.07306383635324787,111,False
nonprod_MA6,h=2,-0.07288188759404687,0.4450621999118695,0.07288188759404687,112,False
reg_agri_prices_L0,h=2,-0.07258165841794192,0.4367530143041439,0.07258165841794192,117,False
reg_agri_prices,h=2,-0.07258165841794192,0.4367530143041439,0.07258165841794192,117,False
reg_income_nom_MA3,h=2,0.072541637142956,0.445128886320661,0.072541637142956,113,False
prod_L12,h=2,0.07234820004917411,0.4632925148757499,0.07234820004917411,105,False
reg_income_real_MA3,h=2,0.07212760457954971,0.447737976813428,0.07212760457954971,113,False
reg_ppi_L8,h=2,-0.07207945272408454,0.456377324477231,0.07207945272408454,109,False
reg_construction_L8,h=2,0.07206608081435331,0.4564610900180532,0.07206608081435331,109,False
reg_income_real_D3,h=2,0.07126536252870226,0.45525019199176653,0.07126536252870226,112,False
reg_ppi_L9,h=2,-0.07079034891215676,0.4665961373924139,0.07079034891215676,108,False
reg_agri_prices_MA3,h=2,-0.0704525827370433,0.4543415560330713,0.0704525827370433,115,False
ibved_m_L0,h=2,-0.0698162422332462,0.6485919362329053,0.0698162422332462,45,False
ibved_m,h=2,-0.0698162422332462,0.6485919362329053,0.0698162422332462,45,False
reg_income_nom_D3,h=2,0.0694915295741882,0.4665770729234054,0.0694915295741882,112,False
reg_invest_prices_L2,h=2,0.0694408214413726,0.4608635372625661,0.0694408214413726,115,False
reg_income_real_D1,h=2,0.06854856982538562,0.468644987959954,0.06854856982538562,114,False
ibved_m_L8,h=2,-0.06838600111826947,0.6875590147981442,0.06838600111826947,37,False
Ruonia_L8,h=2,-0.06811163495870436,0.48160345483301265,0.06811163495870436,109,False
Ruonia_L5,h=2,-0.06785808338273985,0.47714246035437036,0.06785808338273985,112,False
reg_services_L11,h=2,-0.06782117770255017,0.5160144893722906,0.06782117770255017,94,False
reg_housing_primary_L12,h=2,-0.0674050624159295,0.49871822689523293,0.0674050624159295,103,False
reg_housing_primary_MA6,h=2,0.06725315563652787,0.48512069283181125,0.06725315563652787,110,False
Ruonia_L7,h=2,-0.06723199373618875,0.48525837881196304,0.06723199373618875,110,False
brent_L7,h=2,0.06717768742623516,0.5177417086125817,0.06717768742623516,95,False
reg_payables,h=2,-0.06667895129272053,0.4750448440507837,0.06667895129272053,117,False
reg_payables_L0,h=2,-0.06667895129272053,0.4750448440507837,0.06667895129272053,117,False
reg_invest_prices_L6,h=2,-0.06660362954933591,0.48734291386870043,0.06660362954933591,111,False
Ruonia_MA6,h=2,-0.06656817644696209,0.4855761886666477,0.06656817644696209,112,False
reg_wage_agri_L8,h=2,0.06605828300205431,0.4949458488535832,0.06605828300205431,109,False
serv_L4,h=2,-0.06572775855212071,0.4891410907023966,0.06572775855212071,113,False
nonprod_L5,h=2,0.06534492146488584,0.49364705628263306,0.06534492146488584,112,False
reg_income_real_D6,h=2,-0.06436362026116287,0.5061024651044613,0.06436362026116287,109,False
reg_profit_L10,h=2,-0.06426683942145009,0.5107608056606641,0.06426683942145009,107,False
reg_housing_secondary_L4,h=2,0.06341182474181714,0.5084916459723129,0.06341182474181714,111,False
prod_L7,h=2,-0.06327223343180063,0.5113850618604878,0.06327223343180063,110,False
reg_housing_primary_D12,h=2,0.06318954147166875,0.5260081521953721,0.06318954147166875,103,False
reg_invest_prices_D1,h=2,-0.06313861688610849,0.5007363818542679,0.06313861688610849,116,False
prod_L1,h=2,-0.06265208171490312,0.5040488801959978,0.06265208171490312,116,False
reg_income_nom_STD3,h=2,-0.062390410620488855,0.5115120821128112,0.062390410620488855,113,False
Ruonia_L4,h=2,-0.06226687298603044,0.5123501760166449,0.06226687298603044,113,False
reg_retail_L8,h=2,-0.06198895970464021,0.5219524260875525,0.06198895970464021,109,False
ki_i_L1,h=2,0.0617675129333378,0.510100427937533,0.0617675129333378,116,False
reg_income_real_STD3,h=2,-0.06172707389244428,0.5160205051147704,0.06172707389244428,113,False
reg_housing_secondary_D6,h=2,-0.06140070471819374,0.525917329285548,0.06140070471819374,109,False
reg_housing_primary_L11,h=2,-0.06133988405490141,0.5362003759553102,0.06133988405490141,104,False
reg_shipped_D12,h=2,-0.060886983858818855,0.5372279122903139,0.060886983858818855,105,False
reg_housing_primary_D6,h=2,-0.0605158138521779,0.5319100467341487,0.0605158138521779,109,False
ki_L5,h=2,-0.06008004609530098,0.5291767174016598,0.06008004609530098,112,False
reg_income_nom_D6,h=2,-0.06006392547298946,0.5349834569266616,0.06006392547298946,109,False
reg_wage_agri_L1,h=2,0.060049473016067945,0.521960212180567,0.060049473016067945,116,False
reg_wage_L6,h=2,-0.05977717360471975,0.5331399473109234,0.05977717360471975,111,False
serv_L2,h=2,-0.059774405671592076,0.5257061026377275,0.059774405671592076,115,False
brent_pct_D6,h=2,0.05971005224592406,0.5336006681107283,0.05971005224592406,111,False
ki_L4,h=2,0.05896157047863131,0.5350331150074222,0.05896157047863131,113,False
brent_pct_L2,h=2,-0.05891814742665816,0.5316638347640915,0.05891814742665816,115,False
Ruonia_MA3,h=2,-0.05832586206311019,0.5358045396644778,0.05832586206311019,115,False
reg_payables_STD3,h=2,0.058272408291153405,0.5361790252470457,0.058272408291153405,115,False
reg_receivables_L3,h=2,0.05817002221991545,0.5387118968270687,0.05817002221991545,114,False
reg_payables_MA6,h=2,-0.05773383765620908,0.5454130856886897,0.05773383765620908,112,False
reg_ppi_STD3,h=2,-0.05745611745821081,0.5419138816714348,0.05745611745821081,115,False
reg_wage_agri_L11,h=2,0.05734791685925338,0.5592787879548274,0.05734791685925338,106,False
reg_ppi_L7,h=2,-0.057180027282387934,0.5529508376046557,0.057180027282387934,110,False
reg_income_real_L1,h=2,0.05699477967412168,0.5469603701529722,0.05699477967412168,114,False
reg_wage_agri_MA3,h=2,0.05682621446082517,0.5463598127715357,0.05682621446082517,115,False
reg_services_L4,h=2,0.05606459738561944,0.5776181732576152,0.05606459738561944,101,False
brent_L3,h=2,0.056010913249324674,0.5838321394576589,0.056010913249324674,98,False
reg_income_nom_L1,h=2,0.05543216886433061,0.558022238620765,0.05543216886433061,114,False
reg_wage_agri_L7,h=2,-0.05521039844689792,0.5667300270424293,0.05521039844689792,110,False
reg_agri_prices_STD3,h=2,-0.05461382043615128,0.5621150112132892,0.05461382043615128,115,False
reg_services_L2,h=2,0.054204650588970164,0.5865767604236533,0.054204650588970164,103,False
brent_L2,h=2,0.053754715559885397,0.5971924304918791,0.053754715559885397,99,False
reg_wage_L3,h=2,-0.053560376561263855,0.5714124913175287,0.053560376561263855,114,False
ki_L12,h=2,-0.053381445364239416,0.5886212608225145,0.053381445364239416,105,False
mom_MA3,h=2,-0.05323907978005954,0.5720128530914597,0.05323907978005954,115,False
reg_profit_L7,h=2,0.05303465407758382,0.5821372711819863,0.05303465407758382,110,False
ki_L11,h=2,-0.052912521385329266,0.5901034887798773,0.052912521385329266,106,False
reg_housing_secondary_L1,h=2,0.052582211455096235,0.578469467227202,0.052582211455096235,114,False
reg_agri_prices_MA6,h=2,-0.052491990048188567,0.5825456821621836,0.052491990048188567,112,False
reg_payables_L2,h=2,0.051866367438345946,0.5819768806185227,0.051866367438345946,115,False
reg_wage_agri_D12,h=2,-0.0518120941354103,0.5996433673809586,0.0518120941354103,105,False
reg_income_nom_D12,h=2,0.05180915878245685,0.6032463740176759,0.05180915878245685,103,False
ki_L10,h=2,-0.051460141443834144,0.5986071230673657,0.051460141443834144,107,False
ki_i_L12,h=2,-0.05143728883751223,0.6022893151017862,0.05143728883751223,105,False
reg_agri_prices_L5,h=2,-0.05128039592597232,0.5912911425473297,0.05128039592597232,112,False
brent_pct_D12,h=2,0.05086127462954885,0.6063657723876876,0.05086127462954885,105,False
reg_invest_prices_L10,h=2,0.050702175508709944,0.6040111017029385,0.050702175508709944,107,False
ki_L9,h=2,-0.050547543230787154,0.6033945200826015,0.050547543230787154,108,False
ki_i_L3,h=2,-0.05047831424070279,0.5937834058273231,0.05047831424070279,114,False
reg_income_nom_L2,h=2,0.0501818378348671,0.5976090992510715,0.0501818378348671,113,False
nonprod_L0,h=2,0.04999064646343784,0.5924695791323947,0.04999064646343784,117,False
nonprod,h=2,0.04999064646343784,0.5924695791323947,0.04999064646343784,117,False
brent_L10,h=2,0.04960986497195736,0.6367550152951954,0.04960986497195736,93,False
reg_services_STD3,h=2,0.04921831825879814,0.6215077401630733,0.04921831825879814,103,False
serv,h=2,-0.04893082991584158,0.6003486016268935,0.04893082991584158,117,False
serv_L0,h=2,-0.04893082991584158,0.6003486016268935,0.04893082991584158,117,False
reg_invest_prices_L7,h=2,-0.04855052259576233,0.6144845055325687,0.04855052259576233,110,False
brent_L8,h=2,0.048473861166816734,0.6426791109125258,0.048473861166816734,94,False
reg_wage_agri_L9,h=2,0.04839632525833623,0.618915059824775,0.04839632525833623,108,False
reg_wage_L7,h=2,-0.04818165746377743,0.6171798009528012,0.04818165746377743,110,False
reg_payables_L7,h=2,-0.04816431030662507,0.6173066821834633,0.04816431030662507,110,False
month_sin,h=2,-0.04767413508303752,0.6097513740125439,0.04767413508303752,117,False
reg_income_nom_L4,h=2,0.04730651742429044,0.6219848145006578,0.04730651742429044,111,False
reg_housing_secondary_MA3,h=2,0.04659422310348521,0.6240896149339626,0.04659422310348521,113,False
reg_income_real_D12,h=2,0.04576213645554216,0.6462287898084351,0.04576213645554216,103,False
reg_payables_D1,h=2,-0.044909948341677185,0.6321532473557087,0.044909948341677185,116,False
reg_invest_prices_L3,h=2,0.04430330655395757,0.6397511858517445,0.04430330655395757,114,False
reg_ind_prod_L11,h=2,-0.04424896493803211,0.6524292434062471,0.04424896493803211,106,False
serv_STD3,h=2,0.04415653106573856,0.6393686172284208,0.04415653106573856,115,False
reg_payables_L12,h=2,-0.04355228541099884,0.659107749831521,0.04355228541099884,105,False
nonprod_L4,h=2,0.04258767049151454,0.6542377218782414,0.04258767049151454,113,False
reg_agri_prices_L7,h=2,0.04230534504962214,0.6607846278070946,0.04230534504962214,110,False
reg_wage_agri_D1,h=2,-0.042249423143081936,0.6524844460817535,0.042249423143081936,116,False
reg_income_real_L2,h=2,0.04224361544475091,0.656853676119355,0.04224361544475091,113,False
nonprod_L9,h=2,-0.04219595621568834,0.6645761506375307,0.04219595621568834,108,False
reg_payables_L6,h=2,-0.04172892947806883,0.6636681942082076,0.04172892947806883,111,False
ki_i_L10,h=2,-0.04141200498795889,0.6719163044969139,0.04141200498795889,107,False
reg_housing_secondary_L2,h=2,0.04108319063718203,0.6657072150144023,0.04108319063718203,113,False
usd_L10,h=2,-0.04106573706897596,0.6745035848276212,0.04106573706897596,107,False
prod_L4,h=2,-0.04099714568495984,0.6663655539300026,0.04099714568495984,113,False
reg_services_D1,h=2,0.04015231492731472,0.6857060263179795,0.04015231492731472,104,False
reg_shipped_D1,h=2,-0.039598289654855796,0.6730005494767382,0.039598289654855796,116,False
reg_payables_L8,h=2,-0.0395265158332185,0.6832216386883114,0.0395265158332185,109,False
reg_receivables_MA3,h=2,-0.03901023051744164,0.6789285321614822,0.03901023051744164,115,False
brent_L9,h=2,0.03835790434800979,0.715080285254459,0.03835790434800979,93,False
brent_pct_L6,h=2,0.038335792046372594,0.6895488018790337,0.038335792046372594,111,False
usd_L7,h=2,0.03832359162562304,0.6910019347238433,0.03832359162562304,110,False
reg_retail_L11,h=2,-0.038235149142150954,0.6971801581729149,0.038235149142150954,106,False
usd_L8,h=2,0.038006505254113275,0.6947872577364242,0.038006505254113275,109,False
reg_profit_D12,h=2,-0.03783695461883262,0.7015643821957536,0.03783695461883262,105,False
reg_income_real_L4,h=2,0.03742964761847294,0.6965228534116187,0.03742964761847294,111,False
reg_invest_prices_L0,h=2,-0.03734732600928335,0.6893220195267148,0.03734732600928335,117,False
reg_invest_prices,h=2,-0.03734732600928335,0.6893220195267148,0.03734732600928335,117,False
reg_wage_L1,h=2,-0.03721189610728041,0.6916761453617741,0.03721189610728041,116,False
reg_retail_L6,h=2,-0.03689866655191091,0.7006213291607327,0.03689866655191091,111,False
reg_ppi_L6,h=2,-0.03640867671059465,0.704411050052066,0.03640867671059465,111,False
serv_L12,h=2,-0.035789409341324345,0.717009420588778,0.035789409341324345,105,False
reg_receivables_D3,h=2,-0.03570778711235156,0.7060446753732166,0.03570778711235156,114,False
reg_housing_secondary_D3,h=2,-0.03555804302728753,0.7097386756823967,0.03555804302728753,112,False
reg_profit_L4,h=2,-0.03542360802388155,0.7095293628717804,0.03542360802388155,113,False
reg_housing_primary_L1,h=2,-0.03467668215805214,0.7141595064994526,0.03467668215805214,114,False
brent_pct_L12,h=2,0.03450065516724749,0.7267900226558685,0.03450065516724749,105,False
ki_i_L11,h=2,0.03421571058824556,0.7276919271848701,0.03421571058824556,106,False
reg_receivables_L2,h=2,-0.03352333566887067,0.7220873704208918,0.03352333566887067,115,False
reg_receivables_D1,h=2,0.033514521286106984,0.7209767428871481,0.033514521286106984,116,False
reg_wage_agri_L6,h=2,0.03342004128669527,0.7276798693368003,0.03342004128669527,111,False
brent_pct_L10,h=2,-0.03332693463417252,0.7332676453920419,0.03332693463417252,107,False
reg_receivables_L1,h=2,-0.03298986450993942,0.7251686210128356,0.03298986450993942,116,False
reg_receivables_L8,h=2,-0.03293486132573043,0.7338730147825995,0.03293486132573043,109,False
serv_L5,h=2,0.032212066017050144,0.735993567274287,0.032212066017050144,112,False
reg_construction_D1,h=2,0.032103136626634984,0.7322718091906901,0.032103136626634984,116,False
reg_shipped_L7,h=2,-0.0319751999730254,0.7401818231618015,0.0319751999730254,110,False
reg_housing_secondary_D1,h=2,-0.031945173484146216,0.7358091082021126,0.031945173484146216,114,False
reg_profit_L3,h=2,-0.03188225642159201,0.7363103046389594,0.03188225642159201,114,False
reg_housing_secondary_D12,h=2,0.031834458337330084,0.7495578753029281,0.031834458337330084,103,False
serv_L9,h=2,0.03174018888661711,0.7443504636311876,0.03174018888661711,108,False
reg_wage_L5,h=2,-0.03159479369474543,0.7408715846824232,0.03159479369474543,112,False
reg_ind_prod_L3,h=2,0.03151022542642031,0.739276154664891,0.03151022542642031,114,False
ki_i_L4,h=2,-0.030606224770006754,0.74759921389252,0.030606224770006754,113,False
mom_L4,h=2,-0.03014893641005956,0.7512464289903246,0.03014893641005956,113,False
nonprod_L8,h=2,0.030044085364797916,0.7564672460265199,0.030044085364797916,109,False
reg_income_nom_L8,h=2,0.02988293866466527,0.7599479835602011,0.02988293866466527,107,False
brent_pct_L4,h=2,-0.02983569794402607,0.7537479117838145,0.02983569794402607,113,False
usd_L12,h=2,0.029617910615504908,0.7642335099873441,0.029617910615504908,105,False
reg_housing_primary,h=2,0.029588964051265078,0.7535903958407385,0.029588964051265078,115,False
reg_housing_primary_L0,h=2,0.029588964051265078,0.7535903958407385,0.029588964051265078,115,False
usd_L3,h=2,0.029515028462204586,0.7552463204941013,0.029515028462204586,114,False
reg_housing_secondary_L0,h=2,0.029228033740957345,0.7565016931039306,0.029228033740957345,115,False
reg_housing_secondary,h=2,0.029228033740957345,0.7565016931039306,0.029228033740957345,115,False
reg_wage_agri,h=2,0.029186260372871753,0.7547557747622013,0.029186260372871753,117,False
reg_wage_agri_L0,h=2,0.029186260372871753,0.7547557747622013,0.029186260372871753,117,False
reg_income_real_L12,h=2,0.02906678969591016,0.7707017561519953,0.02906678969591016,103,False
reg_agri_prices_L3,h=2,0.028902033491291012,0.7601740740955667,0.028902033491291012,114,False
reg_payables_L11,h=2,-0.02860731629937171,0.7709765945244627,0.02860731629937171,106,False
reg_construction_L7,h=2,0.028461986810208232,0.7678704399561936,0.028461986810208232,110,False
serv_D1,h=2,0.028437470662214647,0.7618705754403226,0.028437470662214647,116,False
reg_income_nom_L3,h=2,0.028291378133036674,0.7671474571379852,0.028291378133036674,112,False
reg_income_real_L8,h=2,0.02803621628306544,0.7743734899711733,0.02803621628306544,107,False
reg_payables_L4,h=2,-0.027908075052587317,0.7691969129578443,0.027908075052587317,113,False
reg_profit_L9,h=2,-0.027653343933270152,0.7763396577965248,0.027653343933270152,108,False
reg_construction_L9,h=2,0.02762450949227388,0.776566760365651,0.02762450949227388,108,False
reg_profit_D1,h=2,-0.027473277311075715,0.7697154958594558,0.027473277311075715,116,False
reg_invest_prices_L4,h=2,0.02723021726367629,0.7746515328852265,0.02723021726367629,113,False
reg_wage_MA3,h=2,0.026433832094034264,0.7791525743599629,0.026433832094034264,115,False
reg_receivables_L11,h=2,0.026148306953040844,0.7901878044092703,0.026148306953040844,106,False
nonprod_L6,h=2,0.02606835493240788,0.7859416727947208,0.02606835493240788,111,False
reg_housing_primary_L3,h=2,0.02542805544108593,0.7901396039356695,0.02542805544108593,112,False
reg_construction_D3,h=2,0.02524310695859231,0.7897811574192735,0.02524310695859231,114,False
ki_i_L6,h=2,-0.025213991223026647,0.7927968319101409,0.025213991223026647,111,False
reg_income_nom_L12,h=2,0.024330925054731344,0.8072661245069552,0.024330925054731344,103,False
reg_agri_prices_D1,h=2,0.02429039307774597,0.7957737250756948,0.02429039307774597,116,False
reg_wage_L8,h=2,0.024027004338618877,0.8041397589269038,0.024027004338618877,109,False
reg_payables_L10,h=2,0.0239651414318701,0.8064402845629086,0.0239651414318701,107,False
usd_L6,h=2,0.02363549332512667,0.8055034937162838,0.02363549332512667,111,False
reg_payables_D6,h=2,-0.022103902557757408,0.8178812004606644,0.022103902557757408,111,False
usd_L5,h=2,-0.02148608291634401,0.8220863609725835,0.02148608291634401,112,False
reg_receivables_L12,h=2,0.021343024435656742,0.8289038970818344,0.021343024435656742,105,False
nonprod_L11,h=2,-0.02126442741552685,0.8287076976688462,0.02126442741552685,106,False
nonprod_D6,h=2,0.02099755366313297,0.8268503976688817,0.02099755366313297,111,False
usd_L4,h=2,0.02096158412377474,0.8255819244391727,0.02096158412377474,113,False
reg_ind_prod_L4,h=2,-0.02060199091446447,0.8285277715348414,0.02060199091446447,113,False
reg_wage_D12,h=2,0.020128095490768976,0.8385072069362709,0.020128095490768976,105,False
ibved_m_L11,h=2,0.02011942578703276,0.9100792604681828,0.02011942578703276,34,False
brent_pct_D1,h=2,-0.019989139302765125,0.831343047919304,0.019989139302765125,116,False
brent_L11,h=2,0.019720938092615242,0.8519833263496456,0.019720938092615242,92,False
reg_invest_prices_L8,h=2,-0.01951724928707326,0.8403576266714758,0.01951724928707326,109,False
reg_income_real_L3,h=2,0.019256401848908217,0.8402895958286716,0.019256401848908217,112,False
reg_invest_prices_L9,h=2,0.01917892605185476,0.8438180592714416,0.01917892605185476,108,False
usd_L2,h=2,-0.01908212085616563,0.8395916014621241,0.01908212085616563,115,False
reg_invest_prices_MA6,h=2,0.019066033025954363,0.8418478314983695,0.019066033025954363,112,False
reg_wage_L2,h=2,-0.0185593644234309,0.8439294852955881,0.0185593644234309,115,False
reg_invest_prices_D6,h=2,0.01853555762142364,0.8468883503365442,0.01853555762142364,111,False
reg_ppi_MA3,h=2,-0.018252560368033334,0.8464775607243581,0.018252560368033334,115,False
reg_agri_prices_L4,h=2,-0.018134135967744748,0.8488069834892146,0.018134135967744748,113,False
reg_receivables,h=2,0.018071216705090227,0.8466557497833732,0.018071216705090227,117,False
reg_receivables_L0,h=2,0.018071216705090227,0.8466557497833732,0.018071216705090227,117,False
reg_agri_prices_L10,h=2,0.01804182050958809,0.8536612133957792,0.01804182050958809,107,False
reg_income_nom_L11,h=2,0.01777676259482696,0.8578504111893335,0.01777676259482696,104,False
reg_payables_D12,h=2,-0.01745820107546837,0.8596927093676737,0.01745820107546837,105,False
reg_receivables_L6,h=2,-0.01708584893677474,0.8587340936292558,0.01708584893677474,111,False
reg_shipped_L10,h=2,-0.016982172161101174,0.8621686817988791,0.016982172161101174,107,False
brent_pct_MA6,h=2,0.016479119511538978,0.8630807580423513,0.016479119511538978,112,False
reg_construction_D12,h=2,-0.016268785870082764,0.8691637507556516,0.016268785870082764,105,False
reg_payables_MA3,h=2,-0.015892748768376177,0.8661273730499529,0.015892748768376177,115,False
reg_invest_prices_STD3,h=2,-0.01585799529774357,0.8664174018841883,0.01585799529774357,115,False
reg_receivables_L10,h=2,0.01571320556225524,0.872377368459482,0.01571320556225524,107,False
reg_wage_agri_L10,h=2,0.014941885395307504,0.8785929120079163,0.014941885395307504,107,False
reg_income_real_L11,h=2,0.014765498999472574,0.8817372553619315,0.014765498999472574,104,False
nonprod_L7,h=2,-0.014622627182301803,0.8794870074286714,0.014622627182301803,110,False
ki_i_L2,h=2,-0.014488369151962157,0.8778611157099951,0.014488369151962157,115,False
reg_profit_L6,h=2,-0.013971901497105498,0.8842814853636539,0.013971901497105498,111,False
reg_receivables_L9,h=2,0.013966358343602592,0.885926320828093,0.013966358343602592,108,False
reg_receivables_D6,h=2,0.013898915869982324,0.8848818043021192,0.013898915869982324,111,False
reg_wage_agri_D6,h=2,-0.013703419368702898,0.8864901157602582,0.013703419368702898,111,False
nonprod_L10,h=2,-0.013681223903998091,0.8887674513866378,0.013681223903998091,107,False
reg_shipped_L8,h=2,-0.013653012629042168,0.8879451098821327,0.013653012629042168,109,False
reg_housing_secondary_L12,h=2,-0.013606084776063695,0.8914989564572205,0.013606084776063695,103,False
reg_retail_L7,h=2,0.013239033733997293,0.8908158130482776,0.013239033733997293,110,False
reg_shipped_L6,h=2,0.012871698664853905,0.8933375955845383,0.012871698664853905,111,False
reg_agri_prices_D6,h=2,0.012626427504183125,0.8953584115120805,0.012626427504183125,111,False
serv_D3,h=2,0.012269791717573461,0.8969093052944608,0.012269791717573461,114,False
reg_retail_MA3,h=2,0.011440619245815442,0.9034132917244007,0.011440619245815442,115,False
serv_L10,h=2,-0.01141871611821759,0.907071973558577,0.01141871611821759,107,False
reg_income_real_L10,h=2,-0.010683380803155458,0.9138650306295257,0.010683380803155458,105,False
reg_invest_prices_MA3,h=2,0.00978693329164679,0.9173208417290445,0.00978693329164679,115,False
mom_L12,h=2,0.009274719109565885,0.9251870416966572,0.009274719109565885,105,False
reg_wage_STD3,h=2,-0.009175566288078882,0.9224690116584121,0.009175566288078882,115,False
reg_services_L5,h=2,0.00912942373764204,0.9281693603197545,0.00912942373764204,100,False
reg_housing_primary_L2,h=2,0.008327847135476596,0.9302395523223277,0.008327847135476596,113,False
brent_D6,h=2,0.008299367704905896,0.9402732004835264,0.008299367704905896,84,False
reg_wage_MA6,h=2,-0.007957645771751499,0.9336349875450273,0.007957645771751499,112,False
reg_agri_prices_L2,h=2,-0.007890699532895572,0.9332987543025203,0.007890699532895572,115,False
reg_receivables_D12,h=2,-0.007835707728819178,0.93676840697609,0.007835707728819178,105,False
brent_pct_L9,h=2,-0.007771763402325576,0.9363741198410486,0.007771763402325576,108,False
reg_receivables_MA6,h=2,0.007607733954905105,0.9365469597506593,0.007607733954905105,112,False
reg_receivables_L7,h=2,-0.007514483066580785,0.9378969872327356,0.007514483066580785,110,False
reg_shipped_L11,h=2,0.006945003404464567,0.9436713633878852,0.006945003404464567,106,False
prod_MA3,h=2,0.006539289609997505,0.9447024905247218,0.006539289609997505,115,False
reg_receivables_L4,h=2,0.006525095088791661,0.945314215089413,0.006525095088791661,113,False
reg_income_real_L9,h=2,-0.006273527683208172,0.9491098080353819,0.006273527683208172,106,False
reg_profit_L8,h=2,-0.0062179122593308545,0.9488355766819837,0.0062179122593308545,109,False
ibved_q_L5,h=2,0.005999030664157778,0.9595426756775881,0.005999030664157778,74,False
reg_invest_prices_L1,h=2,-0.005775591063649611,0.9509356356910056,0.005775591063649611,116,False
reg_income_nom_L9,h=2,-0.005553164219499586,0.9549467984528004,0.005553164219499586,106,False
reg_invest_prices_L5,h=2,0.004920428686308577,0.9589358255286398,0.004920428686308577,112,False
reg_payables_L9,h=2,-0.004588130970711756,0.9624122705794282,0.004588130970711756,108,False
ibved_m_D12,h=2,-0.004500778230814135,0.9801681040777479,0.004500778230814135,33,False
reg_services_L3,h=2,-0.004269555263898988,0.9660290501913108,0.004269555263898988,102,False
reg_payables_L5,h=2,-0.00390799767175945,0.9673799738893439,0.00390799767175945,112,False
reg_payables_D3,h=2,-0.0033281892036653216,0.9719650685738278,0.0033281892036653216,114,False
reg_retail_L1,h=2,0.0032087465304215315,0.9727295660369352,0.0032087465304215315,116,False
mom_L7,h=2,-0.0031284389034173313,0.974123875440057,0.0031284389034173313,110,False
Ruonia,h=2,-0.003108591391544878,0.9734643651626753,0.003108591391544878,117,False
Ruonia_L0,h=2,-0.003108591391544878,0.9734643651626753,0.003108591391544878,117,False
reg_construction_L5,h=2,0.0029647723786387775,0.9752501807441561,0.0029647723786387775,112,False
reg_housing_primary_L10,h=2,0.0029020119125123312,0.976560831339785,0.0029020119125123312,105,False
reg_profit_L11,h=2,0.002639247039143225,0.9785789187648165,0.002639247039143225,106,False
reg_ppi_L1,h=2,-0.0026213114329648114,0.9777206241838483,0.0026213114329648114,116,False
reg_housing_primary_D3,h=2,0.002386885643867992,0.9800732504695462,0.002386885643867992,112,False
reg_construction_L6,h=2,-0.002003546980602826,0.9833495614048335,0.002003546980602826,111,False
reg_income_nom_L10,h=2,-0.0017713957585733199,0.9856913968415291,0.0017713957585733199,105,False
reg_wage_L4,h=2,0.0015872837802510995,0.9866875458710678,0.0015872837802510995,113,False
ibved_q_D1,h=2,0.0015288612485628197,0.9894007813388491,0.0015288612485628197,78,False
brent_pct_L5,h=2,0.0015190083380648423,0.9873178903067087,0.0015190083380648423,112,False
reg_ind_prod_D1,h=2,-0.0013982753655871034,0.9881145137052554,0.0013982753655871034,116,False
reg_shipped_L9,h=2,-0.0013257565350532742,0.9891352615583898,0.0013257565350532742,108,False
reg_receivables_L5,h=2,0.0011920960520914008,0.9900471026387507,0.0011920960520914008,112,False
brent_L12,h=2,-0.0008001755025607709,0.9939938471346699,0.0008001755025607709,91,False
reg_housing_primary_MA3,h=2,0.0007029020600656347,0.9941045855513695,0.0007029020600656347,113,False
serv_D12,h=2,-0.00032063799695744225,0.9974098863968779,0.00032063799695744225,105,False
reg_payables_L1,h=2,-0.00018775147634066854,0.998404035693914,0.00018775147634066854,116,False
reg_ppi_D12,h=2,0.0001238231371786937,0.9989997552776257,0.0001238231371786937,105,False
