date,actual,prediction,error,baseline_pred,baseline_error,year
2020-01-01,0.5,0.8644881874159296,0.3644881874159296,0.45758835276809967,-0.04241164723190033,2020
2020-02-01,0.4000000000000057,0.6146932653865349,0.21469326538652922,0.4985150200295106,0.09851502002950491,2020
2020-03-01,0.6700000000000017,0.6803781565217264,0.01037815652172469,0.41686404780346603,-0.2531359521965357,2020
2020-04-01,1.2999999999999972,1.027965204547158,-0.27203479545283926,0.49390277929119664,-0.8060972207088005,2020
2020-05-01,0.12000000000000455,0.3552407197807952,0.23524071978079064,0.6472865111530876,0.527286511153083,2020
2020-06-01,0.010000000000005116,0.025296297302091375,0.01529629730208626,0.18471213367894648,0.17471213367894137,2020
2020-07-01,-0.15000000000000568,0.19322307506116942,0.3432230750611751,-0.1138887843625943,0.03611121563741139,2020
2020-08-01,0.10999999999999943,-0.07765181598009008,-0.1876518159800895,-0.10814781118316011,-0.21814781118315954,2020
2020-09-01,0.12999999999999545,0.18284270780513623,0.052842707805140776,0.07751711913183912,-0.052482880868156334,2020
2020-10-01,0.5,0.4457891818190518,-0.054210818180948195,0.3891127315780825,-0.11088726842191748,2020
2020-11-01,0.7800000000000011,0.7466726920463316,-0.03332730795366956,0.49928479972515805,-0.2807152002748431,2020
2020-12-01,0.9000000000000057,1.1344621788036875,0.2344621788036818,0.7958869326509544,-0.10411306734905124,2020
2021-01-01,0.5999999999999943,0.7964384167913181,0.1964384167913238,0.6308476361847299,0.030847636184735627,2021
2021-02-01,1.0300000000000011,0.7744357298717404,-0.2555642701282608,0.6082050632793669,-0.4217949367206343,2021
2021-03-01,1.3100000000000023,0.708469107098054,-0.6015308929019483,0.6794197276334661,-0.6305802723665361,2021
2021-04-01,0.8599999999999994,0.7337430020501898,-0.1262569979498096,0.824266159344016,-0.035733840655983395,2021
2021-05-01,0.4099999999999966,0.33940036010180563,-0.07059963989819096,0.5630531095466321,0.15305310954663554,2021
2021-06-01,0.5600000000000023,0.3006106839573732,-0.25938931604262905,0.23405723217093802,-0.3259427678290643,2021
2021-07-01,0.21999999999999886,0.33481494987158555,0.11481494987158669,0.15104184908786525,-0.06895815091213361,2021
2021-08-01,0.1599999999999966,0.026194642301945237,-0.13380535769805135,0.17161497757477787,0.011614977574781277,2021
2021-09-01,0.730000000000004,0.6741018825440648,-0.0558981174559392,0.22464471229113833,-0.5053552877088656,2021
2021-10-01,0.9200000000000017,0.677022481681874,-0.24297751831812775,0.5245218111662768,-0.3954781888337249,2021
2021-11-01,0.8599999999999994,0.6193186658992147,-0.24068133410078474,0.795569053415846,-0.06443094658415338,2021
2021-12-01,0.20999999999999375,0.7126761544801496,0.5026761544801559,0.9496870571540355,0.7396870571540417,2021
2022-01-01,1.2199999999999989,0.8218208265251548,-0.3981791734748441,0.4963042775053684,-0.7236957224946305,2022
2022-02-01,0.9399999999999977,0.8231245185800162,-0.1168754814199815,0.7713064487154374,-0.16869355128456032,2022
2022-03-01,5.549999999999997,1.401365850747169,-4.148634149252828,0.8850002617829714,-4.664999738217026,2022
2022-04-01,3.280000000000001,1.2930530061126149,-1.9869469938873863,2.1543775963745446,-1.1256224036254565,2022
2022-05-01,0.6800000000000068,0.5948613603573278,-0.08513863964267898,1.8636413277296218,1.183641327729615,2022
2022-06-01,-0.6800000000000068,-0.04318382365791251,0.6368161763420943,0.2706429628466363,0.9506429628466431,2022
2022-07-01,-0.769999999999996,-0.08203641274205609,0.6879635872579399,-0.2509977329157399,0.5190022670842561,2022
2022-08-01,-0.5699999999999932,-0.288610172625809,0.28138982737418416,-0.2946609968162429,0.27533900318375026,2022
2022-09-01,0.3299999999999983,0.3251646493162781,-0.004835350683720208,0.5762320966065857,0.2462320966065874,2022
2022-10-01,0.6599999999999966,0.6446015302403794,-0.015398469759617228,0.7317814709059058,0.07178147090590925,2022
2022-11-01,0.2600000000000051,0.7546847079152172,0.49468470791521213,0.7415558444336626,0.4815558444336575,2022
2022-12-01,0.5699999999999932,0.8409914840762696,0.2709914840762764,0.5389315041201987,-0.031068495879794433,2022
2023-01-01,1.1299999999999955,0.9373456262346309,-0.19265437376536454,0.4395285045422895,-0.690471495457706,2023
2023-02-01,0.75,0.9459467814490665,0.19594678144906652,0.7404796218549691,-0.009520378145030928,2023
2023-03-01,0.39000000000000057,0.5677507350064985,0.17775073500649796,0.8301494570503244,0.4401494570503238,2023
2023-04-01,0.7199999999999989,0.8134003614389371,0.09340036143893826,0.49878257513101365,-0.2212174248689852,2023
2023-05-01,-0.25,0.07966832369990584,0.32966832369990584,0.36045560133073773,0.6104556013307377,2023
2023-06-01,0.4300000000000068,0.3148405228301101,-0.11515947716989672,0.023875629376264376,-0.40612437062374246,2023
2023-07-01,0.5,0.4984678697495184,-0.0015321302504816003,0.10916560401122309,-0.3908343959887769,2023
2023-08-01,-0.06999999999999318,-0.07737556511227695,-0.007375565112283766,0.26031458136550384,0.330314581365497,2023
2023-09-01,1.75,0.8289779902367655,-0.9210220097632345,0.12020795208756291,-1.629792047912437,2023
2023-10-01,0.45999999999999375,0.6160654618489616,0.15606546184896786,0.7753393129210139,0.31533931292102013,2023
2023-11-01,0.7399999999999949,0.6428893699998497,-0.09711063000014519,0.6949778825345598,-0.04502211746543505,2023
2023-12-01,0.29000000000000625,0.8410592403826627,0.5510592403826564,0.7487571808584377,0.4587571808584314,2023
2024-01-01,0.8700000000000045,0.7482539229833094,-0.12174607701669515,0.6498463916973991,-0.22015360830260544,2024
2024-02-01,0.5300000000000011,0.6706866983673905,0.14068669836738934,0.6439438051975368,0.11394380519753566,2024
2024-03-01,0.5300000000000011,0.6774425607163437,0.14744256071634254,0.8273074389993812,0.29730743899938006,2024
2024-04-01,0.37999999999999545,0.5178116328182227,0.13781163281822728,0.46218401813132376,0.0821840181313283,2024
2024-05-01,0.9399999999999977,0.5748655619278367,-0.36513443807216106,0.3166310262899297,-0.623368973710068,2024
2024-06-01,0.18000000000000682,0.3946221672720469,0.2146221672720401,0.3229562668545929,0.14295626685458607,2024
2024-07-01,1.0699999999999932,0.5408596962888197,-0.5291403037111735,0.24897997835923974,-0.8210200216407535,2024
2024-08-01,0.09000000000000341,0.08627728496279019,-0.00372271503721322,0.2745410397881093,0.18454103978810588,2024
2024-09-01,0.6200000000000045,0.3567921020851941,-0.2632078979148105,0.3935803683563791,-0.22641963164362544,2024
2024-10-01,1.019999999999996,0.7768978155484376,-0.2431021844515584,0.34009779194886663,-0.6799022080511294,2024
2024-11-01,1.5,1.0949183912903635,-0.4050816087096365,0.8268160470108201,-0.6731839529891799,2024
2024-12-01,0.9099999999999966,1.0187422083831876,0.10874220838319104,0.9948032532479896,0.08480325324799298,2024
2025-01-01,0.8400000000000034,0.6288098699730398,-0.21119013002696363,0.9638129796222377,0.12381297962223425,2025
2025-02-01,1.3400000000000034,0.8214864942956979,-0.5185135057043055,0.66593940280059,-0.6740605971994134,2025
2025-03-01,0.8100000000000023,0.781012789666562,-0.028987210333440316,0.8257271460250064,0.015727146025004135,2025
2025-04-01,0.5300000000000011,0.7451857683200842,0.21518576832008307,0.7171434157196207,0.18714341571961957,2025
2025-05-01,-0.06999999999999318,0.25939847180082154,0.3293984718008147,0.4876978333980514,0.5576978333980446,2025
