Date;mom;Nonprod;Prod;Serv;usd_nom_i;Ki_i;Ruonia;Ruonia_i;fl_potrb_zad;fl_dep;all_real;Ki
31.01.2010;101,49;100,31;101,43;103,49;100,00;100,00;4,00;100,00;99,74;99,30;101,30;8,75
28.02.2010;101,20;100,32;101,56;101,94;99,20;100,00;3,60;90,00;99,80;105,45;101,80;8,50
31.03.2010;100,92;100,19;101,87;100,34;102,10;100,00;3,50;97,22;99,77;102,03;102,40;8,25
30.04.2010;100,59;100,05;100,60;101,40;101,30;97,10;3,20;91,43;100,16;101,94;101,60;8,00
31.05.2010;100,64;100,41;101,18;100,04;96,20;97,00;2,60;81,25;99,97;101,98;100,30;8,00
30.06.2010;100,73;100,27;100,48;101,88;97,40;96,90;2,40;92,31;101,42;103,07;99,40;7,75
31.07.2010;99,51;100,14;98,42;100,52;101,60;100,00;2,60;108,33;114,82;105,52;98,70;7,75
31.08.2010;100,48;100,32;100,74;100,27;101,10;100,00;2,50;96,15;105,23;101,33;99,70;7,75
30.09.2010;102,29;100,16;105,61;99,61;98,40;100,00;2,50;100,00;104,64;96,85;97,90;7,75
31.10.2010;100,50;100,15;100,48;101,09;101,70;100,00;2,60;104,00;103,45;105,99;97,40;7,75
30.11.2010;100,92;100,81;101,43;100,12;97,90;100,00;3,00;115,38;103,77;102,35;98,80;7,75
31.12.2010;101,57;100,70;102,68;100,78;100,40;100,00;2,80;93,33;105,42;106,62;102,80;7,75
31.01.2011;102,40;100,57;103,90;102,51;102,60;100,00;2,60;92,86;100,96;99,73;101,40;7,75
28.02.2011;101,06;100,27;101,36;101,74;102,70;100,00;2,70;103,85;103,26;103,25;101,70;8,00
31.03.2011;101,12;100,48;102,02;100,37;103,00;103,20;3,00;111,11;103,19;101,88;101,60;8,00
30.04.2011;100,60;100,79;100,39;100,70;101,20;100,00;3,20;106,67;106,46;105,02;99,10;8,00
31.05.2011;100,31;100,37;99,92;101,00;100,80;103,10;3,70;115,63;105,99;101,07;101,60;8,25
30.06.2011;99,39;100,37;97,54;101,50;99,60;100,00;3,70;100,00;105,67;101,87;101,80;8,25
31.07.2011;99,96;100,43;99,08;100,90;100,30;100,00;3,80;102,70;106,72;101,45;100,60;8,25
31.08.2011;99,82;100,74;99,09;99,74;97,00;100,00;3,90;102,63;103,67;100,12;97,20;8,25
30.09.2011;100,78;100,95;101,26;99,65;94,30;100,00;4,40;112,82;105,60;102,56;97,30;8,25
31.10.2011;100,33;100,53;100,06;100,53;97,30;100,00;4,90;111,36;103,87;97,35;99,40;8,25
30.11.2011;100,46;100,71;100,28;100,38;101,60;100,00;5,00;102,04;104,28;101,90;103,90;8,25
31.12.2011;100,32;100,30;100,42;100,17;98,10;100,00;5,30;106,00;104,44;105,87;99,90;8,00
31.01.2012;100,33;100,14;100,67;100,02;99,80;97,00;4,80;90,57;101,78;98,51;100,60;8,00
29.02.2012;101,02;100,67;101,86;100,02;105,40;100,00;4,40;91,67;104,72;101,15;103,40;8,00
31.03.2012;100,68;100,52;101,02;100,29;101,80;100,00;5,00;113,64;104,79;102,08;102,00;8,00
30.04.2012;100,42;101,05;99,94;100,32;99,60;100,00;5,20;104,00;104,91;100,70;99,80;8,00
31.05.2012;101,32;100,65;102,30;100,56;96,20;100,00;5,70;109,62;105,15;100,94;97,80;8,00
30.06.2012;100,55;100,92;100,26;100,50;93,10;100,00;5,70;100,00;104,73;103,55;94,80;8,00
31.07.2012;101,61;100,75;100,49;105,27;101,30;100,00;5,50;96,49;104,99;100,05;101,90;8,00
31.08.2012;100,08;101,00;99,25;100,15;101,70;100,00;5,20;94,55;105,37;101,21;101,10;8,00
30.09.2012;100,42;100,79;100,24;100,15;101,40;103,10;5,50;105,77;103,53;100,66;99,40;8,25
31.10.2012;100,46;100,86;100,35;99,99;101,40;100,00;6,00;109,09;102,71;100,70;100,70;8,25
30.11.2012;100,70;101,56;100,18;100,24;99,00;100,00;6,10;101,67;102,58;101,56;99,70;8,25
31.12.2012;100,84;101,19;100,84;100,25;102,20;100,00;6,20;101,64;102,15;107,98;101,00;8,25
31.01.2013;100,74;100,24;101,42;100,30;101,60;100,00;5,40;87,10;100,23;97,12;101,10;8,25
28.02.2013;100,51;100,09;100,99;100,33;100,30;100,00;5,60;103,70;101,30;102,29;100,40;8,25
31.03.2013;100,50;100,73;100,35;100,34;97,90;100,00;6,00;107,14;102,92;102,14;99,90;8,25
30.04.2013;101,25;100,46;102,40;100,37;98,30;100,00;6,10;101,67;101,63;101,91;98,30;8,25
31.05.2013;101,44;100,32;102,89;100,53;100,30;100,00;6,30;103,28;101,99;99,33;100,50;8,25
30.06.2013;100,09;100,58;99,59;100,23;96,80;100,00;6,20;98,41;105,14;103,16;96,40;8,25
31.07.2013;100,58;101,04;98,13;104,90;98,60;100,00;6,00;96,77;102,30;99,25;99,40;8,25
31.08.2013;99,62;101,08;97,73;100,74;99,20;100,00;6,00;100,00;102,97;100,68;98,20;8,25
30.09.2013;100,17;100,43;100,01;100,02;101,20;66,70;6,20;103,33;101,68;101,12;101,20;10,50
31.10.2013;101,03;101,06;101,54;100,02;101,80;100,00;6,00;96,77;101,50;100,02;100,30;17,00
30.11.2013;100,63;100,98;100,63;99,99;98,20;100,00;6,10;101,67;100,35;101,37;99,10;17,00
31.12.2013;100,70;100,77;100,92;100,13;99,20;100,00;6,40;104,92;100,37;106,88;98,80;15,00
31.01.2014;100,16;100,03;100,29;100,15;98,30;100,00;6,00;93,75;99,82;94,20;98,80;15,00
28.02.2014;100,62;100,88;100,75;99,95;95,00;100,00;6,00;100,00;100,13;101,39;95,90;14,00
31.03.2014;100,96;100,97;101,05;100,75;97,30;127,30;7,80;130,00;100,40;99,50;97,70;14,00
30.04.2014;100,63;100,62;100,94;100,09;101,50;100,00;7,80;100,00;101,02;101,55;102,40;14,00
31.05.2014;100,65;100,17;101,45;100,01;102,10;107,10;8,20;105,13;100,47;100,52;102,20;12,50
30.06.2014;100,01;100,37;99,59;100,15;101,50;100,00;8,20;100,00;99,94;101,42;102,20;12,50
31.07.2014;99,98;100,41;98,73;101,57;99,30;100,00;8,10;98,78;100,20;99,58;99,50;11,50
31.08.2014;100,42;100,85;100,09;100,29;95,90;106,70;7,90;97,53;100,24;100,55;97,60;11,50
30.09.2014;101,22;101,21;101,76;100,25;95,40;100,00;7,90;100,00;100,13;100,15;97,40;11,00
31.10.2014;100,60;101,44;101,05;98,31;92,90;100,00;8,20;103,80;98,85;97,46;94,10;11,00
30.11.2014;100,98;100,69;101,79;99,97;88,90;118,80;10,20;124,39;99,14;100,36;90,70;11,00
31.12.2014;101,94;101,77;103,04;100,17;82,80;178,90;15,40;150,98;98,68;100,96;84,30;11,00
31.01.2015;104,11;103,56;106,21;101,24;89,80;100,00;17,00;110,39;98,04;97,40;93,50;11,00
28.02.2015;103,01;102,90;104,65;100,05;95,50;88,20;15,10;88,82;98,12;103,01;99,70;11,00
31.03.2015;101,92;102,85;101,90;100,31;107,30;93,30;14,80;98,01;97,41;101,80;110,10;11,00
30.04.2015;101,24;101,22;99,88;104,06;113,90;100,00;14,40;97,30;97,73;103,42;113,70;11,00
31.05.2015;100,37;101,21;99,62;100,36;104,50;89,30;12,80;88,89;98,39;100,12;102,10;11,00
30.06.2015;99,72;100,21;98,98;100,27;92,80;92,00;12,50;97,66;98,54;101,94;93,30;11,00
31.07.2015;100,33;100,24;98,73;103,56;95,50;100,00;11,50;92,00;99,21;101,73;96,70;11,00
31.08.2015;100,44;101,10;99,56;100,89;87,60;95,70;10,80;93,91;99,62;99,45;88,30;10,50
30.09.2015;101,00;101,56;100,99;100,06;97,60;100,00;11,10;102,78;98,92;99,45;98,60;10,50
31.10.2015;101,31;101,21;101,55;101,05;105,90;100,00;11,20;100,90;91,98;97,44;105,70;10,50
30.11.2015;100,32;100,43;100,44;99,90;97,00;100,00;11,40;101,79;96,57;103,34;100,00;10,50
31.12.2015;100,62;100,29;100,95;100,59;93,30;100,00;11,20;98,25;94,92;104,20;93,50;10,00
31.01.2016;100,79;100,41;101,80;99,73;91,40;100,00;11,10;99,11;99,12;99,20;92,60;10,00
29.02.2016;100,62;100,32;101,11;100,29;98,70;100,00;10,90;98,20;98,89;102,76;98,30;10,00
31.03.2016;100,25;100,55;100,06;100,09;109,60;100,00;10,90;100,00;98,83;100,79;108,80;10,00
30.04.2016;101,09;101,04;101,56;100,35;105,70;100,00;10,70;98,17;98,91;102,15;103,60;10,00
31.05.2016;100,21;100,14;99,90;100,86;101,60;100,00;11,10;103,74;99,81;100,30;101,80;10,00
30.06.2016;100,24;100,32;99,74;100,98;100,50;95,50;10,60;95,50;99,35;102,04;101,00;10,00
31.07.2016;100,61;100,52;99,96;101,88;101,50;100,00;10,30;97,17;99,91;100,10;102,50;9,75
31.08.2016;100,09;100,42;99,48;100,54;99,10;100,00;10,30;100,00;99,78;100,40;98,10;9,75
30.09.2016;99,87;100,73;99,71;98,70;100,50;100,00;10,20;99,03;99,65;100,63;100,70;9,25
31.10.2016;100,60;100,61;101,16;99,65;103,10;95,20;10,30;100,98;99,56;99,90;104,20;9,25
30.11.2016;100,29;100,74;100,31;99,48;97,40;100,00;10,00;97,09;100,08;100,96;99,50;9,00
31.12.2016;101,33;102,28;100,54;101,05;103,50;100,00;10,20;102,00;100,20;102,37;105,90;9,00
31.01.2017;100,47;100,81;100,51;99,87;103,70;100,00;10,10;99,02;100,07;101,20;103,70;9,00
28.02.2017;100,33;100,52;99,89;100,72;102,70;100,00;10,20;100,99;98,93;101,49;101,70;9,00
31.03.2017;100,20;100,83;99,98;99,56;100,50;100,00;9,90;97,06;99,68;101,50;100,30;8,50
30.04.2017;100,77;100,63;101,19;100,28;103,00;97,50;9,50;95,96;100,78;99,65;102,40;8,50
31.05.2017;100,46;100,31;100,83;100,10;98,70;94,90;9,10;95,79;100,69;100,39;97,10;8,25
30.06.2017;100,58;99,86;100,88;101,24;98,90;97,30;9,10;100,00;100,56;102,10;98,00;8,25
31.07.2017;99,52;100,26;97,77;101,20;96,90;100,00;8,90;97,80;101,51;99,06;95,90;7,75
31.08.2017;99,49;100,46;97,62;100,92;100,00;100,00;8,50;95,51;101,28;99,65;98,40;7,75
30.09.2017;99,86;100,32;99,85;99,14;103,40;94,40;8,30;97,65;101,15;99,19;102,60;7,50
31.10.2017;100,16;100,30;100,49;99,42;99,90;97,10;8,00;96,39;101,55;101,13;101,40;7,25
30.11.2017;100,18;99,64;100,67;100,28;98,00;100,00;8,00;100,00;101,04;101,25;98,30;7,25
31.12.2017;100,44;99,69;101,47;100,03;100,60;93,90;7,80;97,50;101,16;102,66;100,10;7,25
31.01.2018;99,97;100,00;99,81;100,20;103,20;100,00;7,10;91,03;102,71;99,92;101,10;7,25
28.02.2018;100,34;100,14;100,64;100,14;100,00;96,80;7,20;101,41;100,42;101,76;98,50;7,25
31.03.2018;100,08;99,98;100,17;100,09;99,60;100,00;7,20;100,00;100,86;100,07;99,70;7,25
30.04.2018;100,50;100,40;100,47;100,70;94,40;96,70;7,20;100,00;101,52;100,90;94,90;7,50
31.05.2018;100,09;100,83;99,51;99,87;97,10;100,00;7,20;100,00;97,31;95,95;99,80;7,50
30.06.2018;100,64;100,08;101,23;100,56;99,20;100,00;7,20;100,00;101,95;101,42;100,60;7,50
31.07.2018;100,12;100,11;99,25;101,58;99,70;100,00;7,20;100,00;102,55;101,51;100,80;7,75
31.08.2018;99,95;100,11;99,46;100,50;95,10;100,00;7,20;100,00;102,83;98,83;97,10;7,75
30.09.2018;99,70;100,25;99,59;99,00;97,70;103,40;7,20;100,00;101,90;98,80;98,00;7,75
31.10.2018;100,09;100,11;100,09;100,05;102,70;100,00;7,20;100,00;101,47;101,22;103,40;7,75
30.11.2018;100,87;100,34;101,93;100,02;99,50;100,00;7,20;100,00;101,62;100,02;99,60;7,75
31.12.2018;101,08;100,18;102,39;100,40;98,40;103,30;7,20;100,00;100,66;102,51;98,20;7,75
31.01.2019;101,14;100,31;101,99;101,00;100,00;100,00;7,20;100,00;100,20;99,27;99,60;7,50
28.02.2019;100,71;100,31;100,39;101,85;102,20;100,00;7,50;104,17;100,27;101,85;102,30;7,25
31.03.2019;100,55;100,16;101,12;100,21;101,10;100,00;7,60;101,33;101,80;100,63;101,20;7,25
30.04.2019;100,59;100,36;100,73;100,72;100,80;100,00;7,70;101,32;101,92;101,74;101,50;7,00
31.05.2019;100,53;100,30;100,74;100,53;99,70;100,00;7,60;98,70;101,66;100,95;100,50;6,50
30.06.2019;99,59;100,20;98,55;100,41;100,90;96,80;7,50;98,68;101,70;101,22;100,30;6,50
31.07.2019;99,92;100,08;99,33;100,67;101,60;100,00;7,20;96,00;102,63;98,85;101,50;6,25
31.08.2019;99,83;100,29;99,17;100,20;96,40;96,70;7,10;98,61;102,33;99,82;97,60;6,25
30.09.2019;99,68;100,33;99,53;98,98;100,80;96,60;6,80;95,77;101,70;100,71;101,50;6,00
31.10.2019;100,30;100,62;100,35;99,74;101,00;100,00;6,80;100,00;101,32;100,25;100,70;6,00
30.11.2019;100,39;100,46;100,40;100,29;100,80;92,90;6,40;94,12;100,90;99,21;100,30;5,50
31.12.2019;100,41;100,16;100,96;99,89;101,50;96,20;6,20;96,88;101,35;103,36;101,30;5,50
31.01.2020;100,50;100,20;101,33;99,54;101,90;100,00;6,00;96,77;100,77;99,86;101,60;4,50
29.02.2020;100,40;100,11;100,56;100,58;96,70;96,00;5,90;98,33;100,83;100,35;98,30;4,25
31.03.2020;100,67;100,11;101,61;99,90;87,30;100,00;5,80;98,31;101,39;101,49;88,30;4,25
30.04.2020;101,30;100,19;102,90;100,22;97,20;100,00;5,90;101,72;98,39;97,90;99,20;4,25
31.05.2020;100,12;100,40;99,82;100,23;103,60;91,70;5,40;91,53;98,56;100,21;103,50;4,25
30.06.2020;100,01;100,55;99,58;99,93;104,90;81,80;4,90;90,74;100,49;103,95;102,70;4,25
31.07.2020;99,85;100,32;99,10;100,47;97,10;94,40;4,20;85,71;100,81;98,95;96,50;4,25
31.08.2020;100,11;100,34;99,46;100,90;96,60;100,00;4,10;97,62;101,69;100,21;95,00;4,25
30.09.2020;100,13;100,64;100,05;99,45;97,50;100,00;4,20;102,44;100,31;98,43;97,90;4,25
31.10.2020;100,50;100,32;101,03;99,87;97,50;100,00;4,20;100,00;101,21;97,89;97,60;4,50
30.11.2020;100,78;100,40;101,59;99,93;100,70;100,00;4,10;97,62;101,02;100,80;99,90;5,00
31.12.2020;100,90;100,37;101,79;100,13;104,00;100,00;4,10;100,00;100,81;102,41;102,00;5,00
31.01.2021;100,60;100,27;101,28;99,87;99,80;100,00;4,30;104,88;100,66;97,44;99,40;5,50
28.02.2021;101,03;100,57;101,52;100,83;99,80;100,00;4,00;93,02;100,79;100,61;99,90;6,50
31.03.2021;101,31;100,73;102,17;100,61;100,00;100,00;4,20;105,00;101,27;100,04;101,40;6,50
30.04.2021;100,86;100,48;101,32;100,60;97,80;105,90;4,50;107,14;101,64;101,53;98,20;6,75
31.05.2021;100,41;100,48;100,54;100,03;102,80;100,00;4,80;106,67;101,69;100,09;101,40;7,50
30.06.2021;100,56;100,40;100,59;100,77;102,10;122,20;5,10;106,25;102,04;100,89;102,40;7,50
31.07.2021;100,22;100,65;99,28;101,38;98,10;100,00;5,80;113,73;101,66;99,04;99,40;8,50
31.08.2021;100,16;101,16;98,65;101,43;100,40;118,20;6,30;108,62;102,12;100,86;100,50;8,50
30.09.2021;100,73;100,65;101,73;98,98;101,00;103,80;6,60;104,76;101,87;101,36;100,90;8,50
31.10.2021;100,92;100,62;101,66;99,96;102,00;100,00;6,80;103,03;101,50;99,55;103,10;20,00
30.11.2021;100,86;100,20;101,50;100,70;98,50;111,10;7,30;107,35;101,71;100,70;99,80;20,00
31.12.2021;100,21;100,19;100,31;100,05;98,50;113,30;7,60;104,11;101,97;103,08;100,30;17,00
31.01.2022;101,22;100,55;102,29;100,22;97,20;100,00;8,30;109,21;100,84;97,61;97,00;14,00
28.02.2022;100,94;100,56;101,42;100,61;98,10;111,80;9,50;114,46;101,03;93,00;98,20;11,00
31.03.2022;105,55;106,34;106,84;101,73;74,60;210,50;20,00;210,53;97,97;101,98;77,40;9,50
30.04.2022;103,28;101,84;105,51;101,03;133,30;85,00;17,10;85,50;98,26;104,72;133,30;8,00
31.05.2022;100,68;101,16;100,35;100,58;120,40;82,40;13,30;77,78;99,11;101,49;123,10;8,00
30.06.2022;99,32;100,10;98,39;100,05;113,10;78,60;9,60;72,18;99,81;102,79;113,30;8,00
31.07.2022;99,23;99,48;97,31;102,89;98,40;86,40;8,90;92,71;100,76;100,86;100,90;7,50
31.08.2022;99,43;100,53;98,58;99,33;96,20;84,20;7,90;88,76;101,83;101,37;97,30;7,50
30.09.2022;100,33;100,93;99,89;100,21;100,90;93,80;7,70;97,47;101,14;99,52;103,20;7,50
31.10.2022;100,66;100,64;100,75;100,52;98,20;100,00;7,70;100,00;101,21;99,93;99,70;7,50
30.11.2022;100,26;100,32;100,08;100,51;100,00;100,00;7,30;94,81;101,36;100,79;98,00;7,50
31.12.2022;100,57;99,94;100,16;102,41;93,20;100,00;7,30;100,00;100,89;109,96;90,90;7,50
31.01.2023;101,13;100,33;101,66;101,47;94,40;100,00;7,00;95,89;100,78;94,75;93,20;7,50
28.02.2023;100,75;100,19;101,51;100,35;94,80;100,00;7,10;101,43;100,37;103,85;95,20;7,50
31.03.2023;100,39;100,17;100,32;100,84;96,00;100,00;7,30;102,82;101,35;101,28;96,70;7,50
30.04.2023;100,72;100,39;101,33;100,20;94,10;100,00;7,10;97,26;101,55;101,35;93,30;7,50
31.05.2023;99,75;100,79;98,53;100,26;102,50;100,00;7,20;101,41;102,15;102,14;103,10;8,50
30.06.2023;100,43;100,40;100,19;100,86;94,90;100,00;7,30;101,39;102,07;103,21;97,00;12,00
31.07.2023;100,50;100,70;100,41;100,37;92,00;113,30;7,80;106,85;102,92;100,85;92,50;13,00
31.08.2023;99,93;100,76;99,06;100,12;94,90;141,20;10,30;132,05;103,37;106,15;96,30;15,00
30.09.2023;101,75;101,49;102,56;100,84;98,60;108,30;12,20;118,45;102,43;96,38;100,00;15,00
31.10.2023;100,46;100,21;100,78;100,30;99,60;115,40;13,00;106,56;102,06;101,10;100,80;16,00
30.11.2023;100,74;100,24;101,08;100,91;107,10;100,00;14,80;113,85;100,94;101,96;105,60;16,00
31.12.2023;100,29;100,11;100,84;99,65;99,80;106,70;15,10;102,03;99,49;107,50;98,90;16,00
31.01.2024;100,87;100,23;101,34;101,09;102,00;100,00;15,70;103,97;101,56;97,41;102,30;16,00
29.02.2024;100,53;100,13;100,85;100,59;97,10;100,00;15,80;100,64;101,99;102,70;98,10;16,00
31.03.2024;100,53;99,84;101,15;100,55;99,90;100,00;15,60;98,73;102,35;102,61;100,60;16,00
30.04.2024;100,38;100,40;100,32;100,44;98,70;100,00;15,70;100,64;102,24;100,44;99,60;16,00
31.05.2024;100,94;100,41;101,58;100,69;102,20;100,00;15,90;101,27;102,80;106,03;102,60;18,00
30.06.2024;100,18;99,96;100,28;100,35;103,20;100,00;15,70;98,74;102,25;101,67;104,60;18,00
31.07.2024;101,07;100,95;100,01;103,01;100,70;100,00;16,10;102,55;99,84;97,98;101,10;19,00
31.08.2024;100,09;100,47;99,48;100,50;98,20;112,50;17,70;109,94;102,47;101,36;98,80;19,00
30.09.2024;100,62;100,84;100,39;100,66;97,50;100,00;18,40;103,95;101,09;100,00;95,80;21,00
31.10.2024;101,02;100,65;101,74;100,44;95,00;105,60;18,90;102,72;100,32;100,50;95,60;21,00
30.11.2024;101,50;100,41;102,59;101,35;95,80;110,50;20,70;109,52;95,22;100,60;97,50;21,00
31.12.2024;100,91;100,48;102,15;99,51;97,90;100,00;21,09;101,88;97,81;105,90;99,70;21,00
31.01.2025;100,84;100,44;101,00;101,19;101,60;100,00;20,82;98,72;98,04;97,60;102,50;21,00
28.02.2025;101,34;100,53;101,79;101,82;108,60;100,00;20,83;100,05;98,99;97,00;107,80;21,00
31.03.2025;100,81;100,33;100,99;101,23;107,90;100,00;21,36;102,54;99,36;100,70;106,80;21,00
30.04.2025;100,53;100,06;100,64;101,02;103,30;100,00;21,11;98,81;99,47;105,40;103,00;21,00
31.05.2025;99,93;99,72;99,80;100,45;103,50;100,00;21,00;99,47;99,96;97,86;102,70;21,00
30.06.2025;99,96;100,44;99,12;100,61;102,20;95,20;20,08;95,64;99,49;102,15;101,90;20,00
31.07.2025;100,36;100,29;98,36;103,67;100,00;90,00;19,28;96,02;99,91;100,75;99,80;18,00
31.08.2025;99,43;100,53;98,53;99,22;98,20;100,00;17,73;91,96;100,77;99,51;98,90;18,00
30.09.2025;101,00;100,95;101,53;100,26;96,60;94,44;17,20;97,01;100,07;100,52;96,50;17,00
31.10.2025;100,53;100,48;101,20;99,60;102,40;97,06;16,49;95,87;99,70;101,52;102,50;16,50
30.11.2025;100,15;99,81;100,47;100,14;100,80;100,00;16,25;98,54;99,44;99,50;100,80;16,50
31.12.2025;100,29;99,89;100,51;100,50;102,40;96,97;15,85;97,54;99,21;109,90;102,10;16,00
31.01.2026;101,57;100,50;102,38;101,85;101,10;100,00;15,90;100,32;100,16;94,90;100,90;16,00
28.02.2026;101,10;100,14;101,92;101,16;100,33;96,88;15,33;96,39;99,50;102,30;100,60;15,50
31.03.2026;100,54;99,98;100,79;100,94;94,93;96,77;14,87;97,03;100,20;100,50;96,50;15,00
30.04.2026;99,72;99,84;99,35;100,16;92,16;96,67;14,49;97,44;99,80;103,50;103,90;14,50
31.05.2026;100,09;100,01;99,83;100,65;94,95;100,00;14,25;98,34;100,40;96,20;105,10;14,50
30.06.2026;101,06;102,14;99,95;101,33;108,67;98,28;14,25;100,00;100,85;102,50;99,70;14,25
31.07.2026;100,82;101,62;100,59;100,02;102,03;98,25;13,95;97,89;100,50;100,50;95,00;14,00
