Code,Name,Component,Weight,Best_Approach,Best_MAE,Baseline_MAE,Improvement,MAE_baseline,MAE_usd,MAE_brent,MAE_monetary,MAE_seasonal,MAE_tariff,MAE_all
11,Алкогольные напитки,Продовольственн,1.374,all,0.9364962362318493,0.9852473014627476,4.948104415867982,0.9852473014627476,1.0108731831106572,1.063719298229743,0.9894603999144106,0.9807793739130879,0.9780205429289396,0.9364962362318493
12,Бытовые услуги,Услуги,4.365,tariff,0.48957828857357416,0.5159906184605487,5.118761648375585,0.5159906184605487,0.5197299441586068,0.5652770651177725,0.5135360861991416,0.5180539029150045,0.48957828857357416,0.5741913436111334
13,Галантерея,Непродовольстве,1.476,baseline,0.45232053136750544,0.45232053136750544,0.0,0.45232053136750544,0.4642876518360134,0.5553456967231387,0.5229502606929428,0.4561979904653817,0.48628290814907327,0.7301231121811446
14,Жилищные и коммунальные услуги (включая ,Услуги,9.094,seasonal,0.5432563312314607,0.628973765077559,13.628141363818006,0.628973765077559,0.6674660142344618,0.5613076537226389,0.8445473023474697,0.5432563312314607,0.5792802785723856,1.1259958939930383
15,Инструменты и оборудование,Непродовольстве,0.109,brent,1.5386689487269616,1.7251551408222012,10.809821544882112,1.7251551408222012,1.8347611335840914,1.5386689487269616,1.8919216818294444,1.6936457398424478,1.7798248811853195,1.9376518195189696
16,Кондитерские изделия,Продовольственн,2.899,usd,0.9649684561972299,1.0122900490855862,4.674706911433379,1.0122900490855862,0.9649684561972299,1.1986325854214406,1.2080593430437838,1.0068715009736307,1.0701478133929627,1.5401534247383117
17,Легковые автомобили,Непродовольстве,3.074,baseline,0.647283913580615,0.647283913580615,0.0,0.647283913580615,0.6650233230555916,1.008553735616375,0.7081314941791764,0.653077033791562,0.7557414883623688,1.2756390017992882
18,Макаронные и крупяные изделия,Продовольственн,1.688,usd,1.2200963589949885,1.2232039017592788,0.2540494483234507,1.2232039017592788,1.2200963589949885,1.5225518556390374,1.5877079243864243,1.2256563133050695,1.2830434701590543,1.4085268306664185
19,Масло и жиры,Продовольственн,1.733,brent,1.1004964612749173,1.5470288985564795,28.86387175431682,1.5470288985564795,1.6375324292030426,1.1004964612749173,1.592002689829722,1.5589058370317477,1.6347873504175678,1.5698679937014743
20,Мебель,Непродовольстве,2.07,all,0.6952582214118406,0.713834543891336,2.602328878374268,0.713834543891336,0.7294594798442959,0.7531670400765087,0.6968067530854413,0.716269290350507,0.7015726370639237,0.6952582214118406
21,Медицинские товары,Непродовольстве,2.249,tariff,0.5994663943409569,0.6579354836264693,8.886751169466802,0.6579354836264693,0.6827921917468203,0.6809176667445338,0.7041927820792941,0.6759524058272359,0.5994663943409569,0.7485500869465749
22,Медицинские услуги,Услуги,1.3780000000000001,baseline,0.7388579263239263,0.7388579263239263,0.0,0.7388579263239263,0.7474019047591192,0.9301550846063232,0.8339152498569746,0.7409390836325049,0.7526240469279615,1.1413836767379961
23,Меха и меховые изделия,Непродовольстве,0.12,brent,0.5418957655780372,0.6917878610742573,21.66734976578759,0.6917878610742573,0.7332838154788408,0.5418957655780372,0.7149344580788083,0.6642365387349038,0.7092173936222349,0.5691494885800397
24,Молоко и молочная продукция,Продовольственн,3.0509999999999997,seasonal,0.99786938158587,1.018759720490469,2.0505658482985196,1.018759720490469,1.0482127190126298,1.1671079846628558,1.0518607963376567,0.99786938158587,1.0054961433369192,1.2659430000562706
25,Моющие и чистящие средства,Непродовольстве,1.123,baseline,1.7176658997992953,1.7176658997992953,0.0,1.7176658997992953,1.7410336296890019,3.2160129554794956,1.9077177775821683,1.7723497549567377,1.9360457455758968,3.089847831619385
26,Мясопродукты,Продовольственн,9.904,seasonal,0.7188623098765059,0.7289390567084217,1.3823853639312642,0.7289390567084217,0.7909448240993087,0.8491185051063339,0.8403761534190579,0.7188623098765059,0.7692573307705339,0.936588654590237
27,"Обувь кожаная, текстильная и комбинирова",Непродовольстве,2.815,usd,0.6898947370661765,0.7018895009411552,1.7089248177804384,0.7018895009411552,0.6898947370661765,0.8690814057724827,0.738817511341378,0.7013439875388926,0.7125075771910093,0.8716059582589448
28,Общественное питание,Продовольственн,1.583,seasonal,0.4230742503519196,0.4485192556536981,5.673113245649505,0.4485192556536981,0.498259532364318,0.762706252966902,0.6480408717644678,0.4230742503519196,0.4500524817867824,1.8633288152882155
29,Одежда и белье,Непродовольстве,6.473,seasonal,0.3344762718685532,0.3361757669827919,0.505537662482871,0.3361757669827919,0.34793981134232654,0.43094964125427415,0.34895644860320213,0.3344762718685532,0.3456657769731995,0.4189669650227512
30,Парфюмерно-косметические товары,Непродовольстве,1.984,seasonal,0.9224564483158052,0.9497598117671552,2.8747650840846193,0.9497598117671552,0.9540622677435747,1.6651090739722312,1.5743414910021685,0.9224564483158052,1.2310242501055084,1.889305318217142
31,Персональные компьютеры,Непродовольстве,0.486,monetary,2.3397290109063738,2.7437215065010228,14.724252976747895,2.7437215065010228,2.7164456725964907,3.656506455389171,2.3397290109063738,2.6982944815613887,2.7275891096656535,4.943391067353907
32,Печатные издания,Непродовольстве,0.11299999999999999,baseline,0.3963531948952764,0.3963531948952764,0.0,0.3963531948952764,0.40466189897743676,0.5433654926366502,0.5050636971137232,0.39794818397603654,0.4103767350333117,0.6213155994649131
33,"Плодоовощная продукция, включая картофел",Продовольственн,5.888,baseline,3.6789027815639717,3.6789027815639717,0.0,3.6789027815639717,3.9225425638063225,3.9215410445865455,4.2296617058403925,3.8386597572158525,3.8409107919783008,4.674231508790058
34,Рыбопродукты,Продовольственн,2.26,brent,0.5040416658250682,0.5381778646648023,6.342921379903929,0.5381778646648023,0.5647267343110394,0.5040416658250682,0.6832061652507547,0.5389247001556604,0.5267015806800416,0.7631570046572209
35,Санаторно-оздоровительные услуги,Услуги,0.243,seasonal,2.2716593716841076,2.2811445035221203,0.41580583007203237,2.2811445035221203,2.510456466633707,2.8877579017168356,2.8696182629119846,2.2716593716841076,2.402606584445731,4.7228825331754045
36,Сахар,Продовольственн,0.575,baseline,2.4261041548491327,2.4261041548491327,0.0,2.4261041548491327,2.8176289054962216,3.523561721954408,3.6797459819067786,2.4566194218162782,2.5324421508450334,5.485103019941287
37,Средства связи,Непродовольстве,0.9079999999999999,baseline,2.1700372378132466,2.1700372378132466,0.0,2.1700372378132466,2.574865349281249,3.9771341137910454,2.2387562851925162,2.205319900309222,2.231754079351962,4.523197413051781
38,Строительные материалы,Непродовольстве,1.48,seasonal,0.4005348267373944,0.40760187392721786,1.7338112609083314,0.40760187392721786,0.4796700541082421,0.8302421646096532,0.47227778978896595,0.4005348267373944,0.407378021968081,1.0624525707428059
39,Сыр,Продовольственн,1.374,seasonal,0.8744903130178526,0.8813982212079943,0.7837442853780732,0.8813982212079943,0.9168268283567671,1.0373812480131857,0.9722583152259325,0.8744903130178526,0.9030602336586577,1.3329409935922918
40,Табачные изделия,Непродовольстве,0.859,brent,0.6377616519874016,0.6469727354543198,1.4237205004396176,0.6469727354543198,0.6528055090159517,0.6377616519874016,0.693370163679757,0.6479896958542725,0.6560500804666715,0.8604442051483852
41,Телерадиотовары,Непродовольстве,0.251,monetary,3.0862668951021925,3.225860925492134,4.327341866687732,3.225860925492134,3.5198726717225104,4.349483157633229,3.0862668951021925,3.255071709403459,3.3028681989677136,5.128320731738489
42,Топливо моторное,Непродовольстве,3.302,brent,1.0226339707662309,1.210416543158309,15.513880197151122,1.210416543158309,1.0707266067662395,1.0226339707662309,1.2827072028523223,1.185143448552726,1.2125796438341059,1.1371014893321414
43,Трикотажные изделия,Непродовольстве,1.601,seasonal,0.5655477092772933,0.5677238349404935,0.38330708158982585,0.5677238349404935,0.5817317191714996,0.6235208551305439,0.5784599143757867,0.5655477092772933,0.5808114298392539,0.5899900800677466
44,Услуги в системе образования,Услуги,1.306,usd,0.5209986264392378,0.5252008529492107,0.8001179903604047,0.5252008529492107,0.5209986264392378,0.8101082238246085,0.5458459056761918,0.5225371475016829,0.5344789800337192,0.8737884338124546
46,Услуги организаций культуры,Услуги,0.074,tariff,1.3535015039413707,1.4044370849529415,3.6267613236144003,1.4044370849529415,1.4479174412630476,1.6425447501958685,1.5106430939697018,1.3636597928078682,1.3535015039413707,2.2441608690771795
47,Услуги пассажирского транспорта,Услуги,2.242,usd,2.1864525311642025,2.303184695750646,5.068293689247465,2.303184695750646,2.1864525311642025,3.040901004132864,2.648926867111146,2.3671372128929087,2.3719151338518385,4.802591491882238
48,Услуги телекоммуникационные,Услуги,3.021,seasonal,0.7462050775075267,0.7515158120264476,0.706669697953599,0.7515158120264476,0.7687918081260556,0.7507050819546988,0.8417639686872214,0.7462050775075267,0.7877999011874215,0.8549150624846542
49,Хлеб и хлебобулочные изделия,Продовольственн,1.3599999999999999,monetary,0.9978144015053265,1.0123751834305015,1.4382792233048196,1.0123751834305015,1.0058614156004124,1.0377743329971165,0.9978144015053265,1.0167193020413132,1.0574705887524973,1.011711704889651
50,"Чай, кофе, какао",Продовольственн,1.517,baseline,1.477200750804617,1.477200750804617,0.0,1.477200750804617,1.497478955248165,1.5537181989296815,1.633512299806229,1.4993573594012275,1.4915368141813643,1.9048673223334398
51,Электротовары и другие бытовые приборы,Непродовольстве,1.5939999999999999,usd,1.5293102184873055,1.58695375394974,3.632338706718237,1.58695375394974,1.5293102184873055,3.5161742266668186,1.6400661292127003,1.7271732670294777,1.6636530518888673,4.285921704035377
52,Яйца,Продовольственн,0.61,usd,5.639458369834111,6.598293703775791,14.531564931597371,6.598293703775791,5.639458369834111,6.987695342470408,6.684051775196133,6.37675752234143,6.959529255018016,6.716744468170775
53,Другие продовольственные товары,Продовольственн,3.665,usd,0.8620671530468919,0.8716953986634949,1.1045424389488911,0.8716953986634949,0.8620671530468919,1.322082630861094,0.9461615051128909,0.8737795093177453,0.9144874480971544,1.4415173518668358
54,Другие непродовольственные товары,Непродовольстве,4.447,baseline,0.5051021433402351,0.5051021433402351,0.0,0.5051021433402351,0.5154893640898575,0.5369944457578202,0.5418444358714334,0.5098117173518714,0.5170827079975863,0.5551208998494056
55,Другие услуги,Услуги,2.086,baseline,1.4978779930874597,1.4978779930874597,0.0,1.4978779930874597,1.6961076905795807,1.7501550669334611,1.5727851071415797,1.5251245797776944,1.5461321217009303,2.2152554790369066
67,Услуги в сфере зарубежного туризма,Услуги,0.17600000000000002,seasonal,7.324358869863323,7.380001192737607,0.7539608927033777,7.380001192737607,7.719173802655472,8.220836422830542,8.6810732277499,7.324358869863323,7.464089187354677,9.126744446545942
